# Schedule HI memorandum: income of predecessor institutions (BHBC), filed in the quarter of a
# business combination for the year-to-date period BEFORE the acquisition. Never quarterized:
# each is a single amount, not a running total. Generated by tools/derive_y9c_configs.py.

[BASE_VARIABLES]
mdrm_code,variable_name,schedule,flow_type,form_scope,era_start,era_end,sign,notes
BHBC3368,pred_qavg_assets,HI,ytd_event,all,,,,QUARTERLY AVERAGE OF TOTAL ASSETS
BHBC3402,pred_quarterly_average_of_earning_assets,HI,ytd_event,all,,,,QUARTERLY AVERAGE OF EARNING ASSETS
BHBC3516,pred_quarterly_averages_of_loans_and_leases,HI,ytd_event,all,,,,QUARTERLY AVERAGES OF LOANS AND LEASES
BHBC3519,pred_quarterly_average_of_equity_capital,HI,ytd_event,all,,,,QUARTERLY AVERAGE OF EQUITY CAPITAL
BHBC4070,pred_ytd_fiduc_inc,HI,ytd_event,all,,,,INCOME FROM FIDUCIARY ACTIVITIES
BHBC4073,pred_ytd_int_exp,HI,ytd_event,all,,,,TOTAL INTEREST EXPENSE
BHBC4074,pred_net_interest_income,HI,ytd_event,all,,,,NET INTEREST INCOME
BHBC4079,pred_ytd_nonint_inc,HI,ytd_event,all,,,,TOTAL NONINTEREST INCOME
BHBC4091,pred_gains_losses_on_securities_not_held_in_trading_a,HI,ytd_event,all,,,,GAINS (LOSSES) ON SECURITIES NOT HELD IN TRADING ACCOUNTS
BHBC4093,pred_ytd_nonint_exp,HI,ytd_event,all,,,,TOTAL NONINTEREST EXPENSE
BHBC4094,pred_interest_and_fees_on_loans_and_lease_financing_r,HI,ytd_event,all,,,,INTEREST AND FEES ON LOANS AND LEASE FINANCING RECEIVABLES
BHBC4107,pred_ytd_int_inc,HI,ytd_event,all,,,,TOTAL INTEREST INCOME
BHBC4135,pred_ytd_nonint_exp_comp,HI,ytd_event,all,,,,SALARIES AND EMPLOYEE BENEFITS
BHBC4218,pred_interest_and_dividend_income_on_securities,HI,ytd_event,all,,,,INTEREST AND DIVIDEND INCOME ON SECURITIES
BHBC4230,pred_ytd_provision_ll,HI,ytd_event,all,,,,PROVISION FOR LOAN AND LEASE LOSSES
BHBC4301,pred_income_loss_before_applicable_income_taxes_and_d,HI,ytd_event,all,,,,INCOME (LOSS) BEFORE APPLICABLE INCOME TAXES AND DISCONTINUED OPERATIONS
BHBC4302,pred_ytd_taxes_inc,HI,ytd_event,all,,,,APPLICABLE INCOME TAXES
BHBC4320,pred_extraordinary_items_and_other_adjustments_net_of,HI,ytd_event,all,,,,EXTRAORDINARY ITEMS AND OTHER ADJUSTMENTS; NET OF INCOME TAXES
BHBC4340,pred_net_income_loss,HI,ytd_event,all,,,,NET INCOME (LOSS)
BHBC4421,pred_net_interest_expense_on_deposits,HI,ytd_event,all,,,,NET INTEREST EXPENSE ON DEPOSITS
BHBC4475,pred_cash_dividend_declared_equity_capital,HI,ytd_event,all,,,,CASH DIVIDEND DECLARED - EQUITY CAPITAL
BHBC4484,pred_minority_interest,HI,ytd_event,all,,,,MINORITY INTEREST
BHBC4519,pred_net_interest_income_on_a_fully_taxable_equivalen,HI,ytd_event,all,,,,NET INTEREST INCOME ON A FULLY TAXABLE EQUIVALENT BASIS
BHBC6061,pred_loans_charged_off_and_recoveries_total_loans_cha,HI,ytd_event,all,,,,LOANS CHARGED OFF AND RECOVERIES: TOTAL LOANS CHARGED OFF & RECOVERIES NET CHARGE-OFFS
BHBCA220,pred_ytd_tradrev_inc,HI,ytd_event,all,,,,TRADING REVENUE
BHBCB490,pred_ytd_nonint_inc_ib_adv_fee,HI,ytd_event,all,,,,INVESTMENT BANKING; ADVISORY; BROKERAGE; AND UNDERWRITING FEES AND COMMISSIONS
BHBCB491,pred_venture_capital_revenue,HI,ytd_event,all,,,,VENTURE CAPITAL REVENUE
BHBCB493,pred_ytd_sectn_inc,HI,ytd_event,all,,,,NET SECURITIZATION INCOME
BHBCB494,pred_ytd_nonint_inc_ins_fee,HI,ytd_event,all,,,,INSURANCE COMMISSIONS AND FEES
BHBCC216,pred_goodwill_impairment_losses,HI,ytd_event,all,,,,GOODWILL IMPAIRMENT LOSSES
BHBCJJ33,pred_ytd_provision_credit_tot,HI,ytd_event,all,,,,PROVISIONS FOR CREDIT LOSSES ON FINANCIAL ASSETS

[DERIVED_VARIABLES]
variable_name,schedule,flow_type,description,formula,unit,sign

