mdrm_code,schedule
RCFA2170,RC-R-I
RCFA3128,RC-R-I
RCFA3792,RC-R-I
RCFA5310,RC-R-I
RCFA5311,RC-R-I
RCFA7204,RC-R-I
RCFA7205,RC-R-I
RCFA7206,RC-R-I
RCFA8274,RC-R-I
RCFAA223,RC-R-I
RCFAA224,RC-R-I
RCFAB530,RC-R-I
RCFAB596,RC-R-I
RCFAH015,RC-R-I
RCFAH036,RC-R-I
RCFAH311,RC-R-I
RCFAH313,RC-R-I
RCFAH314,RC-R-I
RCFAJJ30,RC-R-I
RCFAJJ31,RC-R-I
RCFAJJ32,RC-R-I
RCFAKW00,RC-R-I
RCFAKW03,RC-R-I
RCFAKX77,RC-R-I
RCFAKX78,RC-R-I
RCFAKX79,RC-R-I
RCFAKX80,RC-R-I
RCFAKX81,RC-R-I
RCFAKX82,RC-R-I
RCFAKX83,RC-R-I
RCFALB58,RC-R-I
RCFALB59,RC-R-I
RCFALB60,RC-R-I
RCFALB61,RC-R-I
RCFAP742,RC-R-I
RCFAP793,RC-R-I
RCFAP839,RC-R-I
RCFAP840,RC-R-I
RCFAP841,RC-R-I
RCFAP842,RC-R-I
RCFAP843,RC-R-I
RCFAP844,RC-R-I
RCFAP845,RC-R-I
RCFAP846,RC-R-I
RCFAP847,RC-R-I
RCFAP848,RC-R-I
RCFAP849,RC-R-I
RCFAP850,RC-R-I
RCFAP851,RC-R-I
RCFAP852,RC-R-I
RCFAP853,RC-R-I
RCFAP854,RC-R-I
RCFAP855,RC-R-I
RCFAP856,RC-R-I
RCFAP857,RC-R-I
RCFAP858,RC-R-I
RCFAP859,RC-R-I
RCFAP860,RC-R-I
RCFAP861,RC-R-I
RCFAP862,RC-R-I
RCFAP863,RC-R-I
RCFAP864,RC-R-I
RCFAP865,RC-R-I
RCFAP866,RC-R-I
RCFAP867,RC-R-I
RCFAP868,RC-R-I
RCFAP870,RC-R-I
RCFAP872,RC-R-I
RCFAP875,RC-R-I
RCFAQ257,RC-R-I
RCFAQ258,RC-R-I
RCFAS540,RC-R-I
RCFD0010,RC-A
RCFD0022,RC-A
RCFD0070,RC-A
RCFD0071,RC
RCFD0073,RC-A
RCFD0074,RC-A
RCFD0081,RC
RCFD0082,RC-A
RCFD0083,RC-A
RCFD0085,RC-A
RCFD0090,RC-A
RCFD0211,RC-B
RCFD0213,RC-B
RCFD0416,RC-B
RCFD0426,RC
RCFD1248,RC-N
RCFD1249,RC-N
RCFD1250,RC-N
RCFD1251,RC-N
RCFD1252,RC-N
RCFD1253,RC-N
RCFD1254,RC-N
RCFD1255,RC-N
RCFD1256,RC-N
RCFD1286,RC-B
RCFD1287,RC-B
RCFD1289,RC-B
RCFD1290,RC-B
RCFD1291,RC-B
RCFD1293,RC-B
RCFD1294,RC-B
RCFD1295,RC-B
RCFD1297,RC-B
RCFD1298,RC-B
RCFD1395,RC-R-I
RCFD1403,RC-N
RCFD1406,RC-N
RCFD1407,RC-N
RCFD1410,RC-C
RCFD1420,RC-C
RCFD1460,RC-C
RCFD1545,RC-C
RCFD1563,RC-C
RCFD1578,RC-F
RCFD1583,RC-N
RCFD1590,RC-C
RCFD1594,RC-N
RCFD1597,RC-N
RCFD1651,RC-R-I
RCFD1737,RC-B
RCFD1738,RC-B
RCFD1739,RC-B
RCFD1741,RC-B
RCFD1742,RC-B
RCFD1743,RC-B
RCFD1744,RC-B
RCFD1746,RC-B
RCFD1752,RC-F
RCFD1754,RC
RCFD1763,RC-C
RCFD1764,RC-C
RCFD1771,RC-B
RCFD1772,RC-B
RCFD1773,RC
RCFD1778,RC-B
RCFD1797,RC-C
RCFD2081,RC-C
RCFD2107,RC-C
RCFD2122,RC-C
RCFD2123,RC-C
RCFD2130,RC
RCFD2143,RC
RCFD2145,RC
RCFD2148,RC-F
RCFD2150,RC
RCFD2160,RC
RCFD2166,RC-F
RCFD2168,RC-F
RCFD2170,RC
RCFD2221,RC-R-I
RCFD2651,RC-M
RCFD2746,RC-C
RCFD2930,RC
RCFD2932,RC-G
RCFD2938,RC-G
RCFD2948,RC
RCFD3000,RC
RCFD3049,RC-G
RCFD3066,RC-G
RCFD3123,RC
RCFD3128,RC-R-I
RCFD3163,RC
RCFD3164,RC-M
RCFD3190,RC
RCFD3200,RC
RCFD3210,RC
RCFD3230,RC
RCFD3300,RC
RCFD3353,RC-K
RCFD3355,RC-K
RCFD3365,RC-K
RCFD3368,RC-K
RCFD3381,RC-K
RCFD3401,RC-K
RCFD3411,RC-L
RCFD3429,RC-R-I
RCFD3430,RC-L
RCFD3432,RC-L
RCFD3433,RC-L
RCFD3434,RC-L
RCFD3435,RC-L
RCFD3450,RC-L
RCFD3484,RC-K
RCFD3505,RC-N
RCFD3506,RC-N
RCFD3507,RC-N
RCFD3529,RC-N
RCFD3530,RC-N
RCFD3531,RC-D
RCFD3532,RC-D
RCFD3533,RC-D
RCFD3541,RC-D
RCFD3543,RC-D
RCFD3545,RC
RCFD3546,RC-D
RCFD3547,RC-D
RCFD3548,RC
RCFD3549,RC-F
RCFD3550,RC-F
RCFD3551,RC-F
RCFD3552,RC-G
RCFD3553,RC-G
RCFD3554,RC-G
RCFD3555,RC-L
RCFD3556,RC-L
RCFD3557,RC-L
RCFD3632,RC
RCFD3646,RC-G
RCFD3656,RC
RCFD3792,RC-R-I
RCFD3809,RC-R-I
RCFD3812,RC-R-I
RCFD3814,RC-L
RCFD3815,RC-L
RCFD3817,RC-L
RCFD3819,RC-L
RCFD3820,RC-L
RCFD3821,RC-L
RCFD3822,RC-L
RCFD3826,RC-L
RCFD3833,RC-R-I
RCFD3838,RC
RCFD3839,RC
RCFD4088,RC-M
RCFD4336,RC-R-I
RCFD5306,RC-R-I
RCFD5310,RC-R-I
RCFD5311,RC-R-I
RCFD5320,RC-R-I
RCFD5327,RC-R-I
RCFD5334,RC-R-I
RCFD5339,RC-R-I
RCFD5340,RC-R-I
RCFD5367,RC-C
RCFD5368,RC-C
RCFD5369,RC
RCFD5377,RC-N
RCFD5378,RC-N
RCFD5379,RC-N
RCFD5380,RC-N
RCFD5381,RC-N
RCFD5382,RC-N
RCFD5389,RC-N
RCFD5390,RC-N
RCFD5391,RC-N
RCFD5459,RC-N
RCFD5460,RC-N
RCFD5461,RC-N
RCFD5507,RC-M
RCFD5591,RC-L
RCFD5592,RC-L
RCFD5593,RC-L
RCFD5594,RC-L
RCFD5595,RC-L
RCFD5610,RC-R-I
RCFD6164,RC-M
RCFD6165,RC-M
RCFD6550,RC-L
RCFD6558,RC-N
RCFD6559,RC-N
RCFD6560,RC-N
RCFD6724,RC
RCFD7204,RC-R-I
RCFD7205,RC-R-I
RCFD7206,RC-R-I
RCFD7273,RC-R-I
RCFD7274,RC-R-I
RCFD7275,RC-R-I
RCFD8274,RC-R-I
RCFD8275,RC-R-I
RCFD8434,RC-R-I
RCFD8496,RC-B
RCFD8497,RC-B
RCFD8498,RC-B
RCFD8499,RC-B
RCFD8693,RC-L
RCFD8694,RC-L
RCFD8695,RC-L
RCFD8696,RC-L
RCFD8697,RC-L
RCFD8698,RC-L
RCFD8699,RC-L
RCFD8700,RC-L
RCFD8701,RC-L
RCFD8702,RC-L
RCFD8703,RC-L
RCFD8704,RC-L
RCFD8705,RC-L
RCFD8706,RC-L
RCFD8707,RC-L
RCFD8708,RC-L
RCFD8709,RC-L
RCFD8710,RC-L
RCFD8711,RC-L
RCFD8712,RC-L
RCFD8713,RC-L
RCFD8714,RC-L
RCFD8715,RC-L
RCFD8716,RC-L
RCFD8719,RC-L
RCFD8720,RC-L
RCFD8723,RC-L
RCFD8724,RC-L
RCFD8725,RC-L
RCFD8726,RC-L
RCFD8727,RC-L
RCFD8728,RC-L
RCFD8733,RC-L
RCFD8734,RC-L
RCFD8735,RC-L
RCFD8736,RC-L
RCFD8737,RC-L
RCFD8738,RC-L
RCFD8739,RC-L
RCFD8740,RC-L
RCFD8741,RC-L
RCFD8742,RC-L
RCFD8743,RC-L
RCFD8744,RC-L
RCFD8745,RC-L
RCFD8746,RC-L
RCFD8747,RC-L
RCFD8748,RC-L
RCFD8764,RC-R-I
RCFD8765,RC-L
RCFD8766,RC-R-I
RCFD8767,RC-R-I
RCFD8769,RC-R-I
RCFD8770,RC-R-I
RCFD8771,RC-R-I
RCFD8772,RC-R-I
RCFD8773,RC-R-I
RCFD8774,RC-R-I
RCFD8775,RC-R-I
RCFD8776,RC-R-I
RCFD8777,RC-R-I
RCFD8778,RC-R-I
RCFD8779,RC-R-I
RCFD8782,RC-B
RCFD8783,RC-B
RCFDA000,RC-R-I
RCFDA001,RC-R-I
RCFDA002,RC-R-I
RCFDA126,RC-L
RCFDA127,RC-L
RCFDA130,RC
RCFDA167,RC-R-I
RCFDA221,RC-R-I
RCFDA222,RC-R-I
RCFDA223,RC-R-I
RCFDA224,RC-R-I
RCFDA247,RC-C
RCFDA248,RC-B
RCFDA249,RC-S
RCFDA250,RC-R-I
RCFDA345,RC-T
RCFDA346,RC-T
RCFDA510,RC-B
RCFDA511,RC-B
RCFDA519,RC-F
RCFDA520,RC-F
RCFDA549,RC-B
RCFDA550,RC-B
RCFDA551,RC-B
RCFDA552,RC-B
RCFDA553,RC-B
RCFDA554,RC-B
RCFDA555,RC-B
RCFDA556,RC-B
RCFDA557,RC-B
RCFDA558,RC-B
RCFDA559,RC-B
RCFDA560,RC-B
RCFDA561,RC-B
RCFDA562,RC-B
RCFDA570,RC-C
RCFDA571,RC-C
RCFDA572,RC-C
RCFDA573,RC-C
RCFDA574,RC-C
RCFDA575,RC-C
RCFDA589,RC-L
RCFDA590,RC-M
RCFDA591,RC-S
RCFDB026,RC-M
RCFDB500,RC-S
RCFDB501,RC-S
RCFDB502,RC-S
RCFDB503,RC-R-I
RCFDB504,RC-R-I
RCFDB505,RC-R-I
RCFDB520,RC-R-I
RCFDB528,RC
RCFDB529,RC
RCFDB530,RC
RCFDB532,RC-C
RCFDB533,RC-C
RCFDB534,RC-C
RCFDB536,RC-C
RCFDB537,RC-C
RCFDB538,RC-C
RCFDB539,RC-C
RCFDB541,RC-R-I
RCFDB542,RC-R-I
RCFDB543,RC-R-I
RCFDB546,RC-R-I
RCFDB547,RC-R-I
RCFDB548,RC-R-I
RCFDB556,RC-F
RCFDB557,RC-G
RCFDB558,RC-K
RCFDB559,RC-K
RCFDB560,RC-K
RCFDB569,RC-M
RCFDB570,RC-M
RCFDB571,RC-M
RCFDB575,RC-N
RCFDB576,RC-N
RCFDB577,RC-N
RCFDB581,RC-R-I
RCFDB582,RC-R-I
RCFDB583,RC-R-I
RCFDB588,RC-R-I
RCFDB589,RC-R-I
RCFDB590,RC-R-I
RCFDB591,RC-R-I
RCFDB592,RC-R-I
RCFDB593,RC-R-I
RCFDB594,RC-R-I
RCFDB595,RC-R-I
RCFDB596,RC-R-I
RCFDB600,RC-R-I
RCFDB601,RC-R-I
RCFDB602,RC-R-I
RCFDB603,RC-R-I
RCFDB604,RC-R-I
RCFDB605,RC-R-I
RCFDB606,RC-R-I
RCFDB607,RC-R-I
RCFDB608,RC-R-I
RCFDB609,RC-R-I
RCFDB610,RC-R-I
RCFDB611,RC-R-I
RCFDB612,RC-R-I
RCFDB617,RC-R-I
RCFDB618,RC-R-I
RCFDB619,RC-R-I
RCFDB620,RC-R-I
RCFDB621,RC-R-I
RCFDB622,RC-R-I
RCFDB623,RC-R-I
RCFDB624,RC-R-I
RCFDB625,RC-R-I
RCFDB626,RC-R-I
RCFDB627,RC-R-I
RCFDB628,RC-R-I
RCFDB629,RC-R-I
RCFDB630,RC-R-I
RCFDB631,RC-R-I
RCFDB639,RC-R-I
RCFDB640,RC-R-I
RCFDB641,RC-R-I
RCFDB642,RC-R-I
RCFDB643,RC-R-I
RCFDB644,RC-R-I
RCFDB650,RC-R-I
RCFDB651,RC-R-I
RCFDB652,RC-R-I
RCFDB653,RC-R-I
RCFDB654,RC-R-I
RCFDB655,RC-R-I
RCFDB656,RC-R-I
RCFDB657,RC-R-I
RCFDB658,RC-R-I
RCFDB659,RC-R-I
RCFDB660,RC-R-I
RCFDB661,RC-R-I
RCFDB662,RC-R-I
RCFDB663,RC-R-I
RCFDB664,RC-R-I
RCFDB665,RC-R-I
RCFDB666,RC-R-I
RCFDB667,RC-R-I
RCFDB668,RC-R-I
RCFDB669,RC-R-I
RCFDB670,RC-R-I
RCFDB671,RC-R-I
RCFDB672,RC-R-I
RCFDB673,RC-R-I
RCFDB675,RC-R-I
RCFDB676,RC-R-I
RCFDB677,RC-R-I
RCFDB678,RC-R-I
RCFDB679,RC-R-I
RCFDB680,RC-R-I
RCFDB681,RC-R-I
RCFDB682,RC-R-I
RCFDB683,RC-R-I
RCFDB684,RC-R-I
RCFDB685,RC-R-I
RCFDB686,RC-R-I
RCFDB687,RC-R-I
RCFDB688,RC-R-I
RCFDB689,RC-R-I
RCFDB690,RC-R-I
RCFDB691,RC-R-I
RCFDB693,RC-R-I
RCFDB694,RC-R-I
RCFDB695,RC-R-I
RCFDB696,RC-R-I
RCFDB697,RC-R-I
RCFDB698,RC-R-I
RCFDB699,RC-R-I
RCFDB700,RC-R-I
RCFDB701,RC-R-I
RCFDB702,RC-R-I
RCFDB703,RC-R-I
RCFDB704,RC-R-I
RCFDB705,RC-S
RCFDB706,RC-S
RCFDB707,RC-S
RCFDB708,RC-S
RCFDB709,RC-S
RCFDB710,RC-S
RCFDB711,RC-S
RCFDB712,RC-S
RCFDB713,RC-S
RCFDB714,RC-S
RCFDB715,RC-S
RCFDB716,RC-S
RCFDB717,RC-S
RCFDB718,RC-S
RCFDB726,RC-S
RCFDB727,RC-S
RCFDB728,RC-S
RCFDB729,RC-S
RCFDB730,RC-S
RCFDB731,RC-S
RCFDB732,RC-S
RCFDB733,RC-S
RCFDB734,RC-S
RCFDB735,RC-S
RCFDB736,RC-S
RCFDB737,RC-S
RCFDB738,RC-S
RCFDB739,RC-S
RCFDB740,RC-S
RCFDB741,RC-S
RCFDB742,RC-S
RCFDB743,RC-S
RCFDB744,RC-S
RCFDB745,RC-S
RCFDB746,RC-S
RCFDB761,RC-S
RCFDB762,RC-S
RCFDB763,RC-S
RCFDB764,RC-S
RCFDB765,RC-S
RCFDB766,RC-S
RCFDB767,RC-S
RCFDB768,RC-S
RCFDB769,RC-S
RCFDB776,RC-S
RCFDB777,RC-S
RCFDB778,RC-S
RCFDB779,RC-S
RCFDB780,RC-S
RCFDB781,RC-S
RCFDB782,RC-S
RCFDB783,RC-S
RCFDB784,RC-S
RCFDB785,RC-S
RCFDB786,RC-S
RCFDB787,RC-S
RCFDB788,RC-S
RCFDB789,RC-S
RCFDB790,RC-S
RCFDB791,RC-S
RCFDB792,RC-S
RCFDB793,RC-S
RCFDB794,RC-S
RCFDB795,RC-S
RCFDB796,RC-S
RCFDB797,RC-S
RCFDB798,RC-S
RCFDB799,RC-S
RCFDB800,RC-S
RCFDB801,RC-S
RCFDB802,RC-S
RCFDB803,RC-S
RCFDB804,RC-S
RCFDB805,RC-S
RCFDB806,RC-S
RCFDB807,RC-S
RCFDB808,RC-S
RCFDB809,RC-S
RCFDB837,RC-C
RCFDB838,RC-B
RCFDB839,RC-B
RCFDB840,RC-B
RCFDB841,RC-B
RCFDB842,RC-B
RCFDB843,RC-B
RCFDB844,RC-B
RCFDB845,RC-B
RCFDB846,RC-B
RCFDB847,RC-B
RCFDB848,RC-B
RCFDB849,RC-B
RCFDB850,RC-B
RCFDB851,RC-B
RCFDB852,RC-B
RCFDB853,RC-B
RCFDB854,RC-B
RCFDB855,RC-B
RCFDB856,RC-B
RCFDB857,RC-B
RCFDB858,RC-B
RCFDB859,RC-B
RCFDB860,RC-B
RCFDB861,RC-B
RCFDB867,RC-T
RCFDB868,RC-T
RCFDB869,RC-T
RCFDB870,RC-T
RCFDB871,RC-T
RCFDB872,RC-T
RCFDB873,RC-T
RCFDB874,RC-T
RCFDB875,RC-T
RCFDB876,RC-T
RCFDB877,RC-T
RCFDB878,RC-T
RCFDB879,RC-T
RCFDB880,RC-T
RCFDB881,RC-T
RCFDB882,RC-T
RCFDB883,RC-T
RCFDB884,RC-T
RCFDB885,RC-T
RCFDB886,RC-T
RCFDB888,RC-T
RCFDB890,RC-T
RCFDB891,RC-T
RCFDB892,RC-T
RCFDB893,RC-T
RCFDB894,RC-T
RCFDB895,RC-T
RCFDB896,RC-T
RCFDB897,RC-T
RCFDB898,RC-T
RCFDB899,RC-T
RCFDB927,RC-T
RCFDB928,RC-T
RCFDB929,RC-T
RCFDB931,RC-T
RCFDB932,RC-T
RCFDB933,RC-T
RCFDB934,RC-T
RCFDB935,RC-T
RCFDB936,RC-T
RCFDB937,RC-T
RCFDB938,RC-T
RCFDB939,RC-T
RCFDB940,RC-T
RCFDB941,RC-T
RCFDB942,RC-T
RCFDB943,RC-T
RCFDB944,RC-T
RCFDB945,RC-T
RCFDB946,RC-T
RCFDB989,RC
RCFDB995,RC
RCFDC001,RC-T
RCFDC002,RC-T
RCFDC010,RC-F
RCFDC011,RC-G
RCFDC012,RC-G
RCFDC026,RC-B
RCFDC027,RC-B
RCFDC063,RC-R-I
RCFDC064,RC-R-I
RCFDC219,RC-L
RCFDC220,RC-L
RCFDC221,RC-L
RCFDC222,RC-L
RCFDC223,RC-L
RCFDC224,RC-L
RCFDC225,RC-R-I
RCFDC226,RC-N
RCFDC227,RC-R-I
RCFDC228,RC-R-I
RCFDC240,RC-N
RCFDC241,RC-N
RCFDC391,RC-C
RCFDC393,RC-S
RCFDC394,RC-S
RCFDC395,RC-S
RCFDC396,RC-S
RCFDC397,RC-S
RCFDC398,RC-S
RCFDC399,RC-S
RCFDC400,RC-S
RCFDC401,RC-S
RCFDC402,RC-S
RCFDC403,RC-S
RCFDC404,RC-S
RCFDC405,RC-S
RCFDC406,RC-S
RCFDC407,RC-S
RCFDC410,RC-N
RCFDC411,RC-N
RCFDC436,RC-F
RCFDC779,RC-C
RCFDC780,RC-C
RCFDC869,RC-R-I
RCFDC968,RC-L
RCFDC969,RC-L
RCFDC970,RC-L
RCFDC971,RC-L
RCFDC972,RC-L
RCFDC973,RC-L
RCFDC974,RC-L
RCFDC975,RC-L
RCFDC978,RC-L
RCFDC988,RC-B
RCFDC989,RC-B
RCFDD957,RC-R-II
RCFDD958,RC-R-II
RCFDD959,RC-R-II
RCFDD960,RC-R-II
RCFDD961,RC-R-II
RCFDD962,RC-R-II
RCFDD963,RC-R-II
RCFDD964,RC-R-II
RCFDD965,RC-R-II
RCFDD966,RC-R-II
RCFDD967,RC-R-II
RCFDD968,RC-R-II
RCFDD969,RC-R-II
RCFDD970,RC-R-II
RCFDD976,RC-R-II
RCFDD977,RC-R-II
RCFDD978,RC-R-II
RCFDD979,RC-R-II
RCFDD980,RC-R-II
RCFDD981,RC-R-II
RCFDD982,RC-R-II
RCFDD983,RC-R-II
RCFDD984,RC-R-II
RCFDD985,RC-R-II
RCFDD987,RC-R-II
RCFDD988,RC-R-II
RCFDD989,RC-R-II
RCFDD990,RC-R-II
RCFDD991,RC-R-II
RCFDD992,RC-R-II
RCFDD993,RC-R-II
RCFDD994,RC-R-II
RCFDD995,RC-R-II
RCFDD996,RC-R-II
RCFDD997,RC-R-II
RCFDD998,RC-R-II
RCFDD999,RC-R-II
RCFDF055,RC-M
RCFDF056,RC-M
RCFDF057,RC-M
RCFDF058,RC-M
RCFDF059,RC-M
RCFDF060,RC-M
RCFDF061,RC-M
RCFDF062,RC-M
RCFDF063,RC-M
RCFDF065,RC-M
RCFDF158,RC-C
RCFDF159,RC-C
RCFDF160,RC-C
RCFDF161,RC-C
RCFDF162,RC-C
RCFDF163,RC-C
RCFDF164,RC-L
RCFDF165,RC-L
RCFDF166,RC-N
RCFDF167,RC-N
RCFDF168,RC-N
RCFDF169,RC-N
RCFDF170,RC-N
RCFDF171,RC-N
RCFDF236,RC-O
RCFDF237,RC-O
RCFDF238,RC-O
RCFDF239,RC-O
RCFDF240,RC-Q
RCFDF241,RC-Q
RCFDF242,RC-Q
RCFDF252,RC-Q
RCFDF253,RC-Q
RCFDF254,RC-Q
RCFDF261,RC-Q
RCFDF262,RC-Q
RCFDF263,RC-Q
RCFDF264,RC-R-I
RCFDF585,RC-C
RCFDF586,RC-C
RCFDF587,RC-C
RCFDF589,RC-C
RCFDF597,RC-C
RCFDF598,RC-C
RCFDF599,RC-C
RCFDF601,RC-C
RCFDF608,RC-C
RCFDF609,RC-C
RCFDF610,RC-D
RCFDF614,RC-D
RCFDF615,RC-D
RCFDF616,RC-D
RCFDF618,RC-D
RCFDF624,RC-D
RCFDF632,RC-D
RCFDF633,RC-D
RCFDF634,RC-D
RCFDF636,RC-D
RCFDF639,RC-D
RCFDF640,RC-D
RCFDF643,RC-D
RCFDF644,RC-D
RCFDF645,RC-D
RCFDF646,RC-D
RCFDF647,RC-D
RCFDF648,RC-D
RCFDF651,RC-D
RCFDF652,RC-D
RCFDF653,RC-D
RCFDF654,RC-D
RCFDF655,RC-D
RCFDF656,RC-D
RCFDF657,RC-D
RCFDF658,RC-D
RCFDF659,RC-D
RCFDF660,RC-D
RCFDF664,RC-N
RCFDF665,RC-N
RCFDF666,RC-N
RCFDF667,RC-N
RCFDF668,RC-N
RCFDF669,RC-N
RCFDF684,RC-Q
RCFDF686,RC-Q
RCFDF689,RC-Q
RCFDF692,RC-Q
RCFDF694,RC-Q
RCFDF697,RC-Q
RCFDF699,RC-S
RCFDF790,RC-D
RCFDFT33,RC-F
RCFDFT34,RC-F
RCFDFT35,RC-F
RCFDG091,RC-C
RCFDG092,RC-C
RCFDG093,RC-C
RCFDG094,RC-C
RCFDG095,RC-C
RCFDG096,RC-C
RCFDG097,RC-C
RCFDG098,RC-C
RCFDG099,RC-C
RCFDG100,RC-C
RCFDG101,RC-C
RCFDG102,RC-C
RCFDG105,RC
RCFDG299,RC-D
RCFDG300,RC-B
RCFDG301,RC-B
RCFDG302,RC-B
RCFDG303,RC-B
RCFDG304,RC-B
RCFDG305,RC-B
RCFDG306,RC-B
RCFDG307,RC-B
RCFDG308,RC-B
RCFDG309,RC-B
RCFDG310,RC-B
RCFDG311,RC-B
RCFDG312,RC-B
RCFDG313,RC-B
RCFDG314,RC-B
RCFDG315,RC-B
RCFDG316,RC-B
RCFDG317,RC-B
RCFDG318,RC-B
RCFDG319,RC-B
RCFDG320,RC-B
RCFDG321,RC-B
RCFDG322,RC-B
RCFDG323,RC-B
RCFDG332,RC-D
RCFDG333,RC-D
RCFDG334,RC-D
RCFDG335,RC-D
RCFDG336,RC-B
RCFDG337,RC-B
RCFDG338,RC-B
RCFDG339,RC-B
RCFDG340,RC-B
RCFDG341,RC-B
RCFDG342,RC-B
RCFDG343,RC-B
RCFDG344,RC-B
RCFDG345,RC-B
RCFDG346,RC-B
RCFDG347,RC-B
RCFDG348,RC-B
RCFDG349,RC-B
RCFDG350,RC-B
RCFDG351,RC-B
RCFDG352,RC-B
RCFDG353,RC-B
RCFDG354,RC-B
RCFDG355,RC-B
RCFDG356,RC-B
RCFDG357,RC-B
RCFDG358,RC-B
RCFDG359,RC-B
RCFDG360,RC-B
RCFDG361,RC-B
RCFDG362,RC-B
RCFDG363,RC-B
RCFDG364,RC-B
RCFDG365,RC-B
RCFDG366,RC-B
RCFDG367,RC-B
RCFDG368,RC-B
RCFDG369,RC-B
RCFDG370,RC-B
RCFDG371,RC-B
RCFDG372,RC-B
RCFDG373,RC-B
RCFDG374,RC-B
RCFDG375,RC-B
RCFDG378,RC-C
RCFDG379,RC-D
RCFDG380,RC-D
RCFDG381,RC-D
RCFDG383,RC-D
RCFDG384,RC-D
RCFDG385,RC-D
RCFDG386,RC-D
RCFDG387,RC-D
RCFDG388,RC-D
RCFDG391,RC-Q
RCFDG392,RC-Q
RCFDG395,RC-Q
RCFDG396,RC-Q
RCFDG401,RC-L
RCFDG402,RC-L
RCFDG403,RC-L
RCFDG404,RC-L
RCFDG405,RC-L
RCFDG406,RC-L
RCFDG407,RC-L
RCFDG408,RC-L
RCFDG409,RC-L
RCFDG410,RC-L
RCFDG411,RC-L
RCFDG412,RC-L
RCFDG413,RC-L
RCFDG414,RC-L
RCFDG415,RC-L
RCFDG416,RC-L
RCFDG417,RC-L
RCFDG418,RC-L
RCFDG419,RC-L
RCFDG420,RC-L
RCFDG421,RC-L
RCFDG422,RC-L
RCFDG423,RC-L
RCFDG424,RC-L
RCFDG425,RC-L
RCFDG426,RC-L
RCFDG427,RC-L
RCFDG428,RC-L
RCFDG429,RC-L
RCFDG430,RC-L
RCFDG431,RC-L
RCFDG432,RC-L
RCFDG433,RC-L
RCFDG434,RC-L
RCFDG435,RC-L
RCFDG436,RC-L
RCFDG437,RC-L
RCFDG438,RC-L
RCFDG439,RC-L
RCFDG440,RC-L
RCFDG441,RC-L
RCFDG442,RC-L
RCFDG443,RC-L
RCFDG444,RC-L
RCFDG445,RC-L
RCFDG446,RC-L
RCFDG447,RC-L
RCFDG448,RC-L
RCFDG449,RC-L
RCFDG450,RC-L
RCFDG451,RC-L
RCFDG452,RC-L
RCFDG453,RC-L
RCFDG454,RC-L
RCFDG455,RC-L
RCFDG456,RC-L
RCFDG457,RC-L
RCFDG458,RC-L
RCFDG459,RC-L
RCFDG460,RC-L
RCFDG461,RC-L
RCFDG462,RC-L
RCFDG465,RC-O
RCFDG466,RC-O
RCFDG467,RC-O
RCFDG468,RC-O
RCFDG469,RC-O
RCFDG470,RC-O
RCFDG471,RC-O
RCFDG472,RC-O
RCFDG474,RC-Q
RCFDG475,RC-Q
RCFDG476,RC-Q
RCFDG477,RC-Q
RCFDG478,RC-Q
RCFDG479,RC-Q
RCFDG480,RC-Q
RCFDG481,RC-Q
RCFDG482,RC-Q
RCFDG483,RC-Q
RCFDG484,RC-Q
RCFDG485,RC-Q
RCFDG486,RC-Q
RCFDG487,RC-Q
RCFDG488,RC-Q
RCFDG489,RC-Q
RCFDG490,RC-Q
RCFDG491,RC-Q
RCFDG492,RC-Q
RCFDG493,RC-Q
RCFDG494,RC-Q
RCFDG495,RC-Q
RCFDG496,RC-Q
RCFDG497,RC-Q
RCFDG498,RC-Q
RCFDG499,RC-Q
RCFDG500,RC-Q
RCFDG501,RC-Q
RCFDG502,RC-Q
RCFDG503,RC-Q
RCFDG504,RC-Q
RCFDG505,RC-Q
RCFDG506,RC-Q
RCFDG507,RC-Q
RCFDG508,RC-Q
RCFDG509,RC-Q
RCFDG510,RC-Q
RCFDG511,RC-Q
RCFDG512,RC-Q
RCFDG513,RC-Q
RCFDG514,RC-Q
RCFDG515,RC-Q
RCFDG516,RC-Q
RCFDG517,RC-Q
RCFDG518,RC-Q
RCFDG519,RC-Q
RCFDG520,RC-Q
RCFDG521,RC-Q
RCFDG522,RC-Q
RCFDG523,RC-Q
RCFDG524,RC-Q
RCFDG525,RC-Q
RCFDG526,RC-Q
RCFDG527,RC-Q
RCFDG528,RC-Q
RCFDG529,RC-Q
RCFDG530,RC-Q
RCFDG531,RC-Q
RCFDG532,RC-Q
RCFDG533,RC-Q
RCFDG534,RC-Q
RCFDG535,RC-Q
RCFDG536,RC-Q
RCFDG537,RC-Q
RCFDG538,RC-Q
RCFDG539,RC-Q
RCFDG540,RC-Q
RCFDG541,RC-Q
RCFDG542,RC-Q
RCFDG543,RC-Q
RCFDG544,RC-Q
RCFDG545,RC-Q
RCFDG546,RC-Q
RCFDG547,RC-Q
RCFDG548,RC-Q
RCFDG549,RC-Q
RCFDG550,RC-Q
RCFDG551,RC-Q
RCFDG552,RC-Q
RCFDG553,RC-Q
RCFDG554,RC-Q
RCFDG555,RC-Q
RCFDG556,RC-Q
RCFDG557,RC-Q
RCFDG558,RC-Q
RCFDG559,RC-Q
RCFDG560,RC-Q
RCFDG561,RC-Q
RCFDG562,RC-Q
RCFDG563,RC-Q
RCFDG564,RC-Q
RCFDG565,RC-Q
RCFDG566,RC-Q
RCFDG567,RC-Q
RCFDG568,RC-Q
RCFDG569,RC-Q
RCFDG570,RC-Q
RCFDG571,RC-Q
RCFDG572,RC-Q
RCFDG573,RC-Q
RCFDG574,RC-Q
RCFDG575,RC-Q
RCFDG576,RC-Q
RCFDG577,RC-Q
RCFDG578,RC-Q
RCFDG579,RC-Q
RCFDG580,RC-Q
RCFDG581,RC-Q
RCFDG582,RC-Q
RCFDG583,RC-Q
RCFDG584,RC-Q
RCFDG585,RC-Q
RCFDG586,RC-Q
RCFDG587,RC-Q
RCFDG588,RC-Q
RCFDG589,RC-Q
RCFDG590,RC-Q
RCFDG591,RC-R-I
RCFDG592,RC-R-I
RCFDG593,RC-R-I
RCFDG594,RC-R-I
RCFDG595,RC-R-I
RCFDG596,RC-R-I
RCFDG597,RC-R-I
RCFDG598,RC-R-I
RCFDG599,RC-R-I
RCFDG600,RC-R-I
RCFDG601,RC-R-I
RCFDG602,RC-R-I
RCFDG603,RC-R-II
RCFDG604,RC-R-II
RCFDG605,RC-R-II
RCFDG606,RC-R-II
RCFDG607,RC-R-II
RCFDG608,RC-R-II
RCFDG609,RC-R-II
RCFDG610,RC-R-II
RCFDG611,RC-R-II
RCFDG612,RC-R-II
RCFDG613,RC-R-II
RCFDG614,RC-R-II
RCFDG615,RC-R-II
RCFDG616,RC-R-II
RCFDG617,RC-R-II
RCFDG618,RC-R-II
RCFDG619,RC-R-II
RCFDG620,RC-R-II
RCFDG621,RC-R-II
RCFDG622,RC-R-II
RCFDG623,RC-R-II
RCFDG624,RC-R-II
RCFDG625,RC-R-II
RCFDG626,RC-R-II
RCFDG627,RC-R-II
RCFDG628,RC-R-II
RCFDG629,RC-R-II
RCFDG630,RC-R-II
RCFDG631,RC-R-II
RCFDG632,RC-R-II
RCFDG633,RC-R-II
RCFDG634,RC-R-II
RCFDG635,RC-R-II
RCFDG636,RC-R-II
RCFDG637,RC-R-II
RCFDG641,RC-R-II
RCFDG642,RC-R-II
RCFDG651,RC-D
RCFDG652,RC-D
RCFDG804,RC-Q
RCFDG805,RC-Q
RCFDG806,RC-Q
RCFDG807,RC-Q
RCFDG808,RC-Q
RCFDG809,RC-Q
RCFDH171,RC-R-II
RCFDH172,RC-R-II
RCFDH173,RC-R-II
RCFDH174,RC-R-II
RCFDH175,RC-R-II
RCFDH176,RC-R-II
RCFDH177,RC-R-II
RCFDH178,RC-R-II
RCFDH179,RC-R-II
RCFDH180,RC-R-II
RCFDH181,RC-R-II
RCFDH182,RC-R-II
RCFDH185,RC-R-II
RCFDH186,RC-R-II
RCFDH187,RC-R-II
RCFDH188,RC-R-II
RCFDH191,RC-R-II
RCFDH193,RC-R-II
RCFDH194,RC-R-II
RCFDH195,RC-R-II
RCFDH196,RC-R-II
RCFDH197,RC-R-II
RCFDH198,RC-R-II
RCFDH199,RC-R-II
RCFDH200,RC-R-II
RCFDH270,RC-R-II
RCFDH271,RC-R-II
RCFDH272,RC-R-II
RCFDH273,RC-R-II
RCFDH274,RC-R-II
RCFDH275,RC-R-II
RCFDH276,RC-R-II
RCFDH277,RC-R-II
RCFDH278,RC-R-II
RCFDH279,RC-R-II
RCFDH280,RC-R-II
RCFDH281,RC-R-II
RCFDH282,RC-R-II
RCFDH283,RC-R-II
RCFDH284,RC-R-II
RCFDH285,RC-R-II
RCFDH286,RC-R-II
RCFDH287,RC-R-II
RCFDH288,RC-R-II
RCFDH289,RC-R-II
RCFDH290,RC-R-II
RCFDH291,RC-R-II
RCFDH292,RC-R-II
RCFDH293,RC-R-II
RCFDH294,RC-R-II
RCFDH295,RC-R-II
RCFDH296,RC-R-II
RCFDH297,RC-R-II
RCFDH298,RC-R-II
RCFDH299,RC-R-II
RCFDH300,RC-R-II
RCFDH301,RC-R-II
RCFDH302,RC-R-II
RCFDH303,RC-R-II
RCFDH304,RC-R-II
RCFDH307,RC-R-II
RCFDH308,RC-R-II
RCFDH309,RC-R-II
RCFDH310,RC-R-II
RCFDHJ74,RC-R-II
RCFDHJ75,RC-R-II
RCFDHJ76,RC-R-II
RCFDHJ77,RC-R-II
RCFDHJ78,RC-R-II
RCFDHJ79,RC-R-II
RCFDHJ80,RC-R-II
RCFDHJ81,RC-R-II
RCFDHJ82,RC-R-II
RCFDHJ83,RC-R-II
RCFDHJ84,RC-R-II
RCFDHJ85,RC-R-II
RCFDHJ86,RC-R-II
RCFDHJ87,RC-R-II
RCFDHJ88,RC-R-II
RCFDHJ89,RC-R-II
RCFDHJ90,RC-R-II
RCFDHJ91,RC-R-II
RCFDHJ92,RC-R-II
RCFDHJ93,RC-R-II
RCFDHJ94,RC-R-II
RCFDHJ95,RC-R-II
RCFDHJ96,RC-R-II
RCFDHJ97,RC-R-II
RCFDHJ98,RC-R-II
RCFDHJ99,RC-R-II
RCFDHK00,RC-R-II
RCFDHK01,RC-R-II
RCFDHK25,RC-C
RCFDHK26,RC-N
RCFDHK27,RC-N
RCFDHK28,RC-N
RCFDHT50,RC-B
RCFDHT51,RC-B
RCFDHT52,RC-B
RCFDHT53,RC-B
RCFDHT58,RC-B
RCFDHT59,RC-B
RCFDHT60,RC-B
RCFDHT61,RC-B
RCFDHT62,RC-D
RCFDHT63,RC-D
RCFDHT64,RC-D
RCFDHT65,RC-D
RCFDHT66,RC-D
RCFDHT67,RC-D
RCFDHT68,RC-D
RCFDHT80,RC-F
RCFDHT87,RC-Q
RCFDHT88,RC-Q
RCFDHT89,RC-Q
RCFDHT91,RC-Q
RCFDHT92,RC-Q
RCFDHT93,RC-Q
RCFDHU09,RC-S
RCFDHU10,RC-S
RCFDHU11,RC-S
RCFDHU12,RC-S
RCFDHU13,RC-S
RCFDHU14,RC-S
RCFDHU15,RC-S
RCFDHU16,RC-S
RCFDHU17,RC-S
RCFDHU18,RC-S
RCFDHU20,RC-V
RCFDHU21,RC-V
RCFDHU22,RC-V
RCFDHU23,RC-V
RCFDJ253,RC-T
RCFDJ254,RC-T
RCFDJ255,RC-T
RCFDJ256,RC-T
RCFDJ257,RC-T
RCFDJ258,RC-T
RCFDJ259,RC-T
RCFDJ260,RC-T
RCFDJ261,RC-T
RCFDJ262,RC-T
RCFDJ263,RC-T
RCFDJ264,RC-T
RCFDJ265,RC-T
RCFDJ266,RC-T
RCFDJ267,RC-T
RCFDJ268,RC-T
RCFDJ269,RC-T
RCFDJ270,RC-T
RCFDJ271,RC-T
RCFDJ272,RC-T
RCFDJ273,RC-T
RCFDJ274,RC-T
RCFDJ275,RC-T
RCFDJ276,RC-T
RCFDJ277,RC-T
RCFDJ278,RC-T
RCFDJ279,RC-T
RCFDJ280,RC-T
RCFDJ281,RC-T
RCFDJ282,RC-T
RCFDJ283,RC-T
RCFDJ284,RC-T
RCFDJ285,RC-T
RCFDJ286,RC-T
RCFDJ287,RC-T
RCFDJ288,RC-T
RCFDJ289,RC-T
RCFDJ290,RC-T
RCFDJ291,RC-T
RCFDJ292,RC-T
RCFDJ293,RC-T
RCFDJ294,RC-T
RCFDJ295,RC-T
RCFDJ296,RC-T
RCFDJ297,RC-T
RCFDJ298,RC-T
RCFDJ299,RC-T
RCFDJ300,RC-T
RCFDJ301,RC-T
RCFDJ302,RC-T
RCFDJ303,RC-T
RCFDJ304,RC-T
RCFDJ305,RC-T
RCFDJ306,RC-T
RCFDJ307,RC-T
RCFDJ308,RC-T
RCFDJ309,RC-T
RCFDJ310,RC-T
RCFDJ311,RC-T
RCFDJ312,RC-T
RCFDJ313,RC-T
RCFDJ314,RC-T
RCFDJ448,RC-F
RCFDJ449,RC-F
RCFDJ451,RC-C
RCFDJ454,RC-C
RCFDJ455,RC-L
RCFDJ456,RC-L
RCFDJ457,RC-L
RCFDJ458,RC-L
RCFDJ459,RC-L
RCFDJ461,RC-M
RCFDJ462,RC-M
RCFDJ981,RC-V
RCFDJ982,RC-V
RCFDJ983,RC-V
RCFDJ984,RC-V
RCFDJ985,RC-V
RCFDJ986,RC-V
RCFDJ987,RC-V
RCFDJ988,RC-V
RCFDJ989,RC-V
RCFDJ990,RC-V
RCFDJ991,RC-V
RCFDJ992,RC-V
RCFDJ993,RC-V
RCFDJ994,RC-V
RCFDJ995,RC-V
RCFDJ996,RC-V
RCFDJ997,RC-V
RCFDJ998,RC-V
RCFDJ999,RC-V
RCFDJA21,RC-R-II
RCFDJA22,RC
RCFDJA29,RC-M
RCFDJA36,RC-Q
RCFDJF76,RC-M
RCFDJF77,RC-V
RCFDJF78,RC-V
RCFDJF84,RC-V
RCFDJF85,RC-V
RCFDJF86,RC-V
RCFDJF87,RC-V
RCFDJF88,RC-V
RCFDJF89,RC-V
RCFDJF90,RC-V
RCFDJF91,RC-V
RCFDJF92,RC-V
RCFDJF93,RC-V
RCFDJJ03,RI-B
RCFDJJ04,RI-C
RCFDJJ05,RI-C
RCFDJJ06,RI-C
RCFDJJ07,RI-C
RCFDJJ08,RI-C
RCFDJJ09,RI-C
RCFDJJ11,RI-C
RCFDJJ12,RI-C
RCFDJJ13,RI-C
RCFDJJ14,RI-C
RCFDJJ15,RI-C
RCFDJJ16,RI-C
RCFDJJ17,RI-C
RCFDJJ18,RI-C
RCFDJJ19,RI-C
RCFDJJ20,RI-C
RCFDJJ21,RI-C
RCFDJJ23,RI-C
RCFDJJ24,RI-C
RCFDJJ25,RI-C
RCFDJJ30,RC-R-II
RCFDJJ31,RC-R-II
RCFDJJ32,RC-R-II
RCFDJJ34,RC
RCFDK001,RC-V
RCFDK002,RC-V
RCFDK003,RC-V
RCFDK004,RC-V
RCFDK005,RC-V
RCFDK006,RC-V
RCFDK007,RC-V
RCFDK008,RC-V
RCFDK009,RC-V
RCFDK010,RC-V
RCFDK011,RC-V
RCFDK012,RC-V
RCFDK013,RC-V
RCFDK014,RC-V
RCFDK015,RC-V
RCFDK016,RC-V
RCFDK017,RC-V
RCFDK018,RC-V
RCFDK019,RC-V
RCFDK020,RC-V
RCFDK021,RC-V
RCFDK022,RC-V
RCFDK023,RC-V
RCFDK024,RC-V
RCFDK025,RC-V
RCFDK026,RC-V
RCFDK027,RC-V
RCFDK028,RC-V
RCFDK029,RC-V
RCFDK030,RC-V
RCFDK031,RC-V
RCFDK032,RC-V
RCFDK033,RC-V
RCFDK034,RC-V
RCFDK035,RC-V
RCFDK036,RC-N
RCFDK037,RC-N
RCFDK038,RC-N
RCFDK039,RC-N
RCFDK040,RC-N
RCFDK041,RC-N
RCFDK042,RC-N
RCFDK043,RC-N
RCFDK044,RC-N
RCFDK072,RC-N
RCFDK073,RC-N
RCFDK074,RC-N
RCFDK075,RC-N
RCFDK076,RC-N
RCFDK077,RC-N
RCFDK078,RC-N
RCFDK079,RC-N
RCFDK080,RC-N
RCFDK081,RC-N
RCFDK082,RC-N
RCFDK083,RC-N
RCFDK084,RC-N
RCFDK085,RC-N
RCFDK086,RC-N
RCFDK087,RC-N
RCFDK088,RC-N
RCFDK089,RC-N
RCFDK091,RC-N
RCFDK092,RC-N
RCFDK093,RC-N
RCFDK095,RC-N
RCFDK096,RC-N
RCFDK097,RC-N
RCFDK098,RC-C
RCFDK099,RC-N
RCFDK100,RC-N
RCFDK101,RC-N
RCFDK102,RC-N
RCFDK103,RC-N
RCFDK104,RC-N
RCFDK120,RC-N
RCFDK121,RC-N
RCFDK122,RC-N
RCFDK123,RC-N
RCFDK124,RC-N
RCFDK125,RC-N
RCFDK126,RC-N
RCFDK127,RC-N
RCFDK128,RC-N
RCFDK134,RC-N
RCFDK135,RC-N
RCFDK136,RC-N
RCFDK137,RC-C
RCFDK138,RC-N
RCFDK139,RC-N
RCFDK140,RC-N
RCFDK142,RC-B
RCFDK143,RC-B
RCFDK144,RC-B
RCFDK145,RC-B
RCFDK146,RC-B
RCFDK147,RC-B
RCFDK148,RC-B
RCFDK149,RC-B
RCFDK150,RC-B
RCFDK151,RC-B
RCFDK152,RC-B
RCFDK153,RC-B
RCFDK154,RC-B
RCFDK155,RC-B
RCFDK156,RC-B
RCFDK157,RC-B
RCFDK163,RC-C
RCFDK164,RC-C
RCFDK165,RC-C
RCFDK167,RC-C
RCFDK168,RC-C
RCFDK178,RC-M
RCFDK179,RC-M
RCFDK180,RC-M
RCFDK181,RC-M
RCFDK182,RC-M
RCFDK183,RC-M
RCFDK184,RC-M
RCFDK185,RC-M
RCFDK186,RC-M
RCFDK192,RC-M
RCFDK193,RC-M
RCFDK194,RC-M
RCFDK195,RC-C
RCFDK196,RC-C
RCFDK197,RC-D
RCFDK198,RC-D
RCFDK199,RC-D
RCFDK200,RC-D
RCFDK201,RC-F
RCFDK202,RC-F
RCFDK203,RC-C
RCFDK204,RC-C
RCFDK207,RC-C
RCFDK208,RC-C
RCFDK209,RC-C
RCFDK210,RC-D
RCFDK211,RC-D
RCFDK212,RC-C
RCFDK213,RC-N
RCFDK214,RC-N
RCFDK215,RC-N
RCFDK216,RC-N
RCFDK217,RC-N
RCFDK218,RC-N
RCFDK267,RC-C
RCFDK269,RC-N
RCFDK270,RC-F
RCFDK271,RC-N
RCFDK272,RC-N
RCFDK273,RC-M
RCFDK274,RC-N
RCFDK275,RC-N
RCFDK276,RC-N
RCFDK277,RC-N
RCFDK278,RC-N
RCFDK279,RC-N
RCFDK280,RC-N
RCFDK281,RC-N
RCFDK282,RC-N
RCFDK283,RC-N
RCFDK284,RC-N
RCFDK285,RC-N
RCFDK286,RC-N
RCFDK287,RC-N
RCFDK288,RC-N
RCFDK652,RC-O
RCFDK653,RC-O
RCFDK654,RC-O
RCFDK655,RC-O
RCFDK656,RC-O
RCFDK657,RC-O
RCFDK658,RC-O
RCFDK659,RC-O
RCFDK660,RC-O
RCFDK661,RC-O
RCFDK663,RC-O
RCFDK664,RC-O
RCFDK665,RC-O
RCFDK666,RC-O
RCFDK667,RC-O
RCFDK668,RC-O
RCFDK669,RC-O
RCFDK670,RC-O
RCFDK671,RC-O
RCFDK672,RC-O
RCFDK673,RC-O
RCFDK674,RC-O
RCFDK675,RC-O
RCFDK676,RC-O
RCFDK677,RC-O
RCFDL136,RC-R-I
RCFDL137,RC-R-I
RCFDL138,RC-R-I
RCFDL183,RC-N
RCFDL184,RC-N
RCFDL185,RC-N
RCFDL186,RC-N
RCFDL187,RC-N
RCFDL188,RC-N
RCFDL189,RC-O
RCFDL194,RC-O
RCFDL195,RC-O
RCFDL196,RC-O
RCFDLB56,RC-G
RCFDM708,RI-C
RCFDM709,RI-C
RCFDM710,RI-C
RCFDM711,RI-C
RCFDM712,RI-C
RCFDM713,RI-C
RCFDM714,RI-C
RCFDM715,RI-C
RCFDM716,RI-C
RCFDM717,RI-C
RCFDM719,RI-C
RCFDM720,RI-C
RCFDM721,RI-C
RCFDM722,RI-C
RCFDM723,RI-C
RCFDM724,RI-C
RCFDM725,RI-C
RCFDM726,RI-C
RCFDM727,RI-C
RCFDM728,RI-C
RCFDM729,RI-C
RCFDM730,RI-C
RCFDM731,RI-C
RCFDM732,RI-C
RCFDM733,RI-C
RCFDM734,RI-C
RCFDM735,RI-C
RCFDM736,RI-C
RCFDM737,RI-C
RCFDM738,RI-C
RCFDM739,RI-C
RCFDM740,RI-C
RCFDM741,RI-C
RCFDM742,RI-C
RCFDM743,RI-C
RCFDM744,RI-C
RCFDM745,RI-C
RCFDM746,RI-C
RCFDM747,RI-C
RCFDM748,RI-C
RCFDM749,RI-C
RCFDM750,RI-C
RCFDM751,RI-C
RCFDM963,RC-O
RCFDM964,RC-O
RCFDM965,RC-O
RCFDM966,RC-O
RCFDM967,RC-O
RCFDM968,RC-O
RCFDM969,RC-O
RCFDM970,RC-O
RCFDM971,RC-O
RCFDM972,RC-O
RCFDM973,RC-O
RCFDM974,RC-O
RCFDM975,RC-O
RCFDM976,RC-O
RCFDM977,RC-O
RCFDM978,RC-O
RCFDM979,RC-O
RCFDM980,RC-O
RCFDM981,RC-O
RCFDM982,RC-O
RCFDM983,RC-O
RCFDM984,RC-O
RCFDM985,RC-O
RCFDM986,RC-O
RCFDM987,RC-O
RCFDM988,RC-O
RCFDM989,RC-O
RCFDM990,RC-O
RCFDM991,RC-O
RCFDM992,RC-O
RCFDM993,RC-O
RCFDM994,RC-O
RCFDM995,RC-O
RCFDM996,RC-O
RCFDM997,RC-O
RCFDM998,RC-O
RCFDM999,RC-O
RCFDMG95,RC-B
RCFDMW53,RC-O
RCFDN001,RC-O
RCFDN002,RC-O
RCFDN003,RC-O
RCFDN004,RC-O
RCFDN005,RC-O
RCFDN006,RC-O
RCFDN007,RC-O
RCFDN008,RC-O
RCFDN009,RC-O
RCFDN010,RC-O
RCFDN011,RC-O
RCFDN012,RC-O
RCFDN013,RC-O
RCFDN014,RC-O
RCFDN015,RC-O
RCFDN016,RC-O
RCFDN017,RC-O
RCFDN018,RC-O
RCFDN019,RC-O
RCFDN020,RC-O
RCFDN021,RC-O
RCFDN022,RC-O
RCFDN023,RC-O
RCFDN024,RC-O
RCFDN025,RC-O
RCFDN026,RC-O
RCFDN027,RC-O
RCFDN028,RC-O
RCFDN029,RC-O
RCFDN030,RC-O
RCFDN040,RC-O
RCFDN041,RC-O
RCFDN042,RC-O
RCFDN043,RC-O
RCFDN044,RC-O
RCFDN045,RC-O
RCFDN046,RC-O
RCFDN047,RC-O
RCFDN048,RC-O
RCFDN049,RC-O
RCFDN050,RC-O
RCFDN051,RC-O
RCFDN052,RC-O
RCFDN053,RC-O
RCFDN054,RC-O
RCFDN055,RC-O
RCFDN056,RC-O
RCFDN057,RC-O
RCFDN058,RC-O
RCFDN059,RC-O
RCFDN060,RC-O
RCFDN061,RC-O
RCFDN062,RC-O
RCFDN063,RC-O
RCFDN064,RC-O
RCFDN065,RC-O
RCFDN066,RC-O
RCFDN067,RC-O
RCFDN068,RC-O
RCFDN069,RC-O
RCFDN070,RC-O
RCFDN071,RC-O
RCFDN072,RC-O
RCFDN073,RC-O
RCFDN074,RC-O
RCFDN075,RC-O
RCFDN076,RC-O
RCFDN077,RC-O
RCFDN078,RC-O
RCFDN079,RC-O
RCFDN080,RC-O
RCFDN081,RC-O
RCFDN082,RC-O
RCFDN083,RC-O
RCFDN084,RC-O
RCFDN085,RC-O
RCFDN086,RC-O
RCFDN087,RC-O
RCFDN088,RC-O
RCFDN089,RC-O
RCFDN090,RC-O
RCFDN091,RC-O
RCFDN092,RC-O
RCFDN093,RC-O
RCFDN094,RC-O
RCFDN095,RC-O
RCFDN096,RC-O
RCFDN097,RC-O
RCFDN098,RC-O
RCFDN099,RC-O
RCFDN100,RC-O
RCFDN101,RC-O
RCFDN102,RC-O
RCFDN103,RC-O
RCFDN104,RC-O
RCFDN105,RC-O
RCFDN106,RC-O
RCFDN107,RC-O
RCFDN108,RC-O
RCFDN109,RC-O
RCFDN110,RC-O
RCFDN111,RC-O
RCFDN112,RC-O
RCFDN113,RC-O
RCFDN114,RC-O
RCFDN115,RC-O
RCFDN116,RC-O
RCFDN117,RC-O
RCFDN118,RC-O
RCFDN119,RC-O
RCFDN120,RC-O
RCFDN121,RC-O
RCFDN122,RC-O
RCFDN123,RC-O
RCFDN124,RC-O
RCFDN125,RC-O
RCFDN126,RC-O
RCFDN127,RC-O
RCFDN128,RC-O
RCFDN177,RC-O
RCFDN178,RC-O
RCFDN179,RC-O
RCFDN180,RC-O
RCFDN181,RC-O
RCFDN182,RC-O
RCFDN183,RC-O
RCFDPU98,RC-B
RCFDPU99,RC-B
RCFDPV00,RC-B
RCFDPV01,RC-B
RCFDPV05,RC-C
RCFDPV06,RC-C
RCFDPV07,RC-C
RCFDPV08,RC-C
RCFDPV09,RC-C
RCFDPV10,RC-L
RCFDPV11,RC-L
RCFDPV12,RC-L
RCFDPV13,RC-L
RCFDPV14,RC-L
RCFDPV15,RC-L
RCFDPV16,RC-L
RCFDPV23,RC-N
RCFDPV24,RC-N
RCFDPV25,RC-N
RCFDS396,RC-R-II
RCFDS397,RC-R-II
RCFDS398,RC-R-II
RCFDS399,RC-R-II
RCFDS400,RC-R-II
RCFDS402,RC-R-II
RCFDS403,RC-R-II
RCFDS405,RC-R-II
RCFDS406,RC-R-II
RCFDS413,RC-R-II
RCFDS414,RC-R-II
RCFDS415,RC-R-II
RCFDS416,RC-R-II
RCFDS417,RC-R-II
RCFDS419,RC-R-II
RCFDS420,RC-R-II
RCFDS421,RC-R-II
RCFDS423,RC-R-II
RCFDS424,RC-R-II
RCFDS425,RC-R-II
RCFDS426,RC-R-II
RCFDS427,RC-R-II
RCFDS428,RC-R-II
RCFDS429,RC-R-II
RCFDS431,RC-R-II
RCFDS432,RC-R-II
RCFDS433,RC-R-II
RCFDS434,RC-R-II
RCFDS435,RC-R-II
RCFDS436,RC-R-II
RCFDS437,RC-R-II
RCFDS439,RC-R-II
RCFDS440,RC-R-II
RCFDS441,RC-R-II
RCFDS442,RC-R-II
RCFDS443,RC-R-II
RCFDS445,RC-R-II
RCFDS446,RC-R-II
RCFDS447,RC-R-II
RCFDS449,RC-R-II
RCFDS450,RC-R-II
RCFDS451,RC-R-II
RCFDS452,RC-R-II
RCFDS453,RC-R-II
RCFDS454,RC-R-II
RCFDS455,RC-R-II
RCFDS457,RC-R-II
RCFDS458,RC-R-II
RCFDS459,RC-R-II
RCFDS460,RC-R-II
RCFDS461,RC-R-II
RCFDS462,RC-R-II
RCFDS463,RC-R-II
RCFDS466,RC-R-II
RCFDS467,RC-R-II
RCFDS469,RC-R-II
RCFDS470,RC-R-II
RCFDS471,RC-R-II
RCFDS475,RC-R-II
RCFDS476,RC-R-II
RCFDS477,RC-R-II
RCFDS478,RC-R-II
RCFDS479,RC-R-II
RCFDS480,RC-R-II
RCFDS481,RC-R-II
RCFDS482,RC-R-II
RCFDS483,RC-R-II
RCFDS484,RC-R-II
RCFDS485,RC-R-II
RCFDS486,RC-R-II
RCFDS487,RC-R-II
RCFDS488,RC-R-II
RCFDS489,RC-R-II
RCFDS490,RC-R-II
RCFDS491,RC-R-II
RCFDS492,RC-R-II
RCFDS493,RC-R-II
RCFDS494,RC-R-II
RCFDS495,RC-R-II
RCFDS496,RC-R-II
RCFDS497,RC-R-II
RCFDS498,RC-R-II
RCFDS499,RC-R-II
RCFDS500,RC-R-II
RCFDS503,RC-R-II
RCFDS504,RC-R-II
RCFDS505,RC-R-II
RCFDS506,RC-R-II
RCFDS507,RC-R-II
RCFDS510,RC-R-II
RCFDS511,RC-R-II
RCFDS512,RC-R-II
RCFDS513,RC-R-II
RCFDS514,RC-R-II
RCFDS515,RC-R-II
RCFDS516,RC-R-II
RCFDS517,RC-R-II
RCFDS518,RC-R-II
RCFDS519,RC-R-II
RCFDS520,RC-R-II
RCFDS521,RC-R-II
RCFDS522,RC-R-II
RCFDS523,RC-R-II
RCFDS524,RC-R-II
RCFDS525,RC-R-II
RCFDS526,RC-R-II
RCFDS527,RC-R-II
RCFDS528,RC-R-II
RCFDS529,RC-R-II
RCFDS530,RC-R-II
RCFDS531,RC-R-II
RCFDS539,RC-R-II
RCFDS540,RC-R-II
RCFDS541,RC-R-II
RCFDS542,RC-R-II
RCFDS543,RC-R-II
RCFDS544,RC-R-II
RCFDS545,RC-R-II
RCFDS546,RC-R-II
RCFDS547,RC-R-II
RCFDS548,RC-R-II
RCFDS549,RC-R-II
RCFDS550,RC-R-II
RCFDS551,RC-R-II
RCFDS552,RC-R-II
RCFDS554,RC-R-II
RCFDS555,RC-R-II
RCFDS556,RC-R-II
RCFDS557,RC-R-II
RCFDS558,RC-R-II
RCFDS559,RC-R-II
RCFDS560,RC-R-II
RCFDS561,RC-R-II
RCFDS562,RC-R-II
RCFDS563,RC-R-II
RCFDS564,RC-R-II
RCFDS565,RC-R-II
RCFDS566,RC-R-II
RCFDS567,RC-R-II
RCFDS568,RC-R-II
RCFDS569,RC-R-II
RCFDS570,RC-R-II
RCFDS571,RC-R-II
RCFDS572,RC-R-II
RCFDS573,RC-R-II
RCFDS574,RC-R-II
RCFDS575,RC-R-II
RCFDS576,RC-R-II
RCFDS577,RC-R-II
RCFDS578,RC-R-II
RCFDS579,RC-R-II
RCFDS580,RC-R-II
RCFDS581,RC-R-II
RCFDS582,RC-R-II
RCFDS583,RC-R-II
RCFDS584,RC-R-II
RCFDS585,RC-R-II
RCFDS586,RC-R-II
RCFDS587,RC-R-II
RCFDS588,RC-R-II
RCFDS589,RC-R-II
RCFDS590,RC-R-II
RCFDS591,RC-R-II
RCFDS592,RC-R-II
RCFDS593,RC-R-II
RCFDS594,RC-R-II
RCFDS595,RC-R-II
RCFDS596,RC-R-II
RCFDS597,RC-R-II
RCFDS598,RC-R-II
RCFDS599,RC-R-II
RCFDS600,RC-R-II
RCFDS601,RC-R-II
RCFDS602,RC-R-II
RCFDS603,RC-R-II
RCFDS604,RC-R-II
RCFDS605,RC-R-II
RCFDS606,RC-R-II
RCFDS607,RC-R-II
RCFDS608,RC-R-II
RCFDS609,RC-R-II
RCFDS610,RC-R-II
RCFDS611,RC-R-II
RCFDS612,RC-R-II
RCFDS613,RC-R-II
RCFDS614,RC-R-II
RCFDS615,RC-R-II
RCFDS616,RC-R-II
RCFDS617,RC-R-II
RCFDS618,RC-R-II
RCFDS619,RC-R-II
RCFDS620,RC-R-II
RCFDS621,RC-R-II
RCFDS622,RC-R-II
RCFDS623,RC-R-II
RCFN2200,RC
RCFN2625,RC-E
RCFN2650,RC-E
RCFN3360,RC-K
RCFN3404,RC-K
RCFN5513,RC-M
RCFN6631,RC
RCFN6636,RC
RCFNA245,RC-E
RCFNB553,RC-E
RCFNB554,RC-E
RCFNB555,RC-E
RCFNB572,RC-N
RCFNB573,RC-N
RCFNB574,RC-N
RCFNB900,RC-T
RCFNB901,RC-T
RCFNB902,RC-T
RCFNB903,RC-T
RCFNF234,RC-O
RCFNF235,RC-O
RCFNGW43,RC-O
RCFNK260,RC-M
RCFNK289,RC-C
RCFNK290,RC-M
RCFNK291,RC-N
RCFNK292,RC-N
RCFNK293,RC-N
RCFNK294,RC-N
RCFNK295,RC-N
RCFNK296,RC-N
RCFW3792,RC-R-I
RCFW5310,RC-R-I
RCFW5311,RC-R-I
RCFW7205,RC-R-I
RCFW7206,RC-R-I
RCFWA223,RC-R-I
RCFWH312,RC-R-I
RCFWP793,RC-R-I
RCFWP851,RC-R-I
RCFWP852,RC-R-I
RCFWP853,RC-R-I
RCFWP854,RC-R-I
RCFWP855,RC-R-I
RCFWP856,RC-R-I
RCFWP857,RC-R-I
RCFWP858,RC-R-I
RCFWP859,RC-R-I
RCFWP870,RC-R-I
RCOA2170,RC-R-I
RCOA3128,RC-R-I
RCOA3792,RC-R-I
RCOA5310,RC-R-I
RCOA5311,RC-R-I
RCOA7204,RC-R-I
RCOA7205,RC-R-I
RCOA7206,RC-R-I
RCOA8274,RC-R-I
RCOAA223,RC-R-I
RCOAA224,RC-R-I
RCOAB530,RC-R-I
RCOAB596,RC-R-I
RCOAH015,RC-R-I
RCOAH036,RC-R-I
RCOAH311,RC-R-I
RCOAH313,RC-R-I
RCOAH314,RC-R-I
RCOAJJ29,RC-R-I
RCOAJJ30,RC-R-I
RCOAJJ31,RC-R-I
RCOAJJ32,RC-R-I
RCOAKW00,RC-R-I
RCOAKW03,RC-R-I
RCOAKX77,RC-R-I
RCOAKX78,RC-R-I
RCOAKX79,RC-R-I
RCOAKX80,RC-R-I
RCOAKX81,RC-R-I
RCOAKX82,RC-R-I
RCOAKX83,RC-R-I
RCOALB58,RC-R-I
RCOALB59,RC-R-I
RCOALB60,RC-R-I
RCOALB61,RC-R-I
RCOALE74,RC-R-I
RCOANC99,RC-R-I
RCOAP742,RC-R-I
RCOAP793,RC-R-I
RCOAP838,RC-R-I
RCOAP839,RC-R-I
RCOAP840,RC-R-I
RCOAP841,RC-R-I
RCOAP842,RC-R-I
RCOAP843,RC-R-I
RCOAP844,RC-R-I
RCOAP845,RC-R-I
RCOAP846,RC-R-I
RCOAP847,RC-R-I
RCOAP848,RC-R-I
RCOAP849,RC-R-I
RCOAP850,RC-R-I
RCOAP851,RC-R-I
RCOAP852,RC-R-I
RCOAP853,RC-R-I
RCOAP854,RC-R-I
RCOAP855,RC-R-I
RCOAP856,RC-R-I
RCOAP857,RC-R-I
RCOAP858,RC-R-I
RCOAP859,RC-R-I
RCOAP860,RC-R-I
RCOAP861,RC-R-I
RCOAP862,RC-R-I
RCOAP863,RC-R-I
RCOAP864,RC-R-I
RCOAP865,RC-R-I
RCOAP866,RC-R-I
RCOAP867,RC-R-I
RCOAP868,RC-R-I
RCOAP870,RC-R-I
RCOAP872,RC-R-I
RCOAP875,RC-R-I
RCOAQ257,RC-R-I
RCOAQ258,RC-R-I
RCOAS540,RC-R-I
RCON0010,RC-A
RCON0020,RC-A
RCON0070,RC-A
RCON0071,RC
RCON0073,RC-A
RCON0074,RC-A
RCON0080,RC-A
RCON0081,RC
RCON0082,RC-A
RCON0083,RC-A
RCON0085,RC-A
RCON0090,RC-A
RCON0211,RC-B
RCON0213,RC-B
RCON0352,RC-E
RCON0416,RC-B
RCON0426,RC
RCON1226,RC-N
RCON1227,RC-N
RCON1228,RC-N
RCON1248,RC-N
RCON1249,RC-N
RCON1250,RC-N
RCON1254,RC-N
RCON1255,RC-N
RCON1256,RC-N
RCON1286,RC-B
RCON1287,RC-B
RCON1288,RC-C
RCON1289,RC-B
RCON1290,RC-B
RCON1291,RC-B
RCON1293,RC-B
RCON1294,RC-B
RCON1295,RC-B
RCON1297,RC-B
RCON1298,RC-B
RCON1395,RC-R-I
RCON1403,RC-N
RCON1406,RC-N
RCON1407,RC-N
RCON1420,RC-C
RCON1460,RC-C
RCON1545,RC-C
RCON1578,RC-F
RCON1583,RC-N
RCON1590,RC-C
RCON1594,RC-N
RCON1597,RC-N
RCON1606,RC-N
RCON1607,RC-N
RCON1608,RC-N
RCON1651,RC-R-I
RCON1709,RC-H
RCON1713,RC-H
RCON1733,RC-H
RCON1736,RC-H
RCON1737,RC-B
RCON1738,RC-B
RCON1739,RC-B
RCON1741,RC-B
RCON1742,RC-B
RCON1743,RC-B
RCON1744,RC-B
RCON1746,RC-B
RCON1752,RC-F
RCON1754,RC
RCON1763,RC-C
RCON1764,RC-C
RCON1766,RC-C
RCON1771,RC-B
RCON1772,RC-B
RCON1773,RC
RCON1778,RC-B
RCON1797,RC-C
RCON2081,RC-C
RCON2107,RC-C
RCON2122,RC-C
RCON2123,RC-C
RCON2130,RC
RCON2143,RC
RCON2145,RC
RCON2148,RC-F
RCON2150,RC
RCON2160,RC
RCON2163,RC-H
RCON2165,RC-C
RCON2166,RC-F
RCON2168,RC-F
RCON2170,RC
RCON2192,RC-H
RCON2200,RC
RCON2202,RC-E
RCON2203,RC-E
RCON2210,RC-E
RCON2213,RC-E
RCON2215,RC-E
RCON2216,RC-E
RCON2221,RC-R-I
RCON2236,RC-E
RCON2343,RC-E
RCON2365,RC-E
RCON2377,RC-E
RCON2385,RC-E
RCON2520,RC-E
RCON2530,RC-E
RCON2651,RC-M
RCON2746,RC-C
RCON2930,RC
RCON2932,RC-G
RCON2938,RC-G
RCON2941,RC-H
RCON2948,RC
RCON3000,RC
RCON3049,RC-G
RCON3066,RC-G
RCON3123,RC
RCON3128,RC-R-I
RCON3129,RC-H
RCON3163,RC
RCON3164,RC-M
RCON3190,RC
RCON3200,RC
RCON3210,RC
RCON3230,RC
RCON3300,RC
RCON3353,RC-K
RCON3355,RC-K
RCON3360,RC-K
RCON3365,RC-K
RCON3368,RC-K
RCON3381,RC-K
RCON3386,RC-K
RCON3387,RC-K
RCON3401,RC-K
RCON3411,RC-L
RCON3429,RC-R-I
RCON3430,RC-L
RCON3432,RC-L
RCON3433,RC-L
RCON3434,RC-L
RCON3435,RC-L
RCON3450,RC-L
RCON3465,RC-K
RCON3466,RC-K
RCON3484,RC-K
RCON3485,RC-K
RCON3493,RC-N
RCON3494,RC-N
RCON3495,RC-N
RCON3499,RC-N
RCON3500,RC-N
RCON3501,RC-N
RCON3505,RC-N
RCON3506,RC-N
RCON3507,RC-N
RCON3529,RC-N
RCON3530,RC-N
RCON3531,RC-D
RCON3532,RC-D
RCON3533,RC-D
RCON3541,RC-D
RCON3543,RC-D
RCON3545,RC
RCON3546,RC-D
RCON3547,RC-D
RCON3548,RC
RCON3549,RC-F
RCON3550,RC-F
RCON3551,RC-F
RCON3552,RC-G
RCON3553,RC-G
RCON3554,RC-G
RCON3555,RC-L
RCON3556,RC-L
RCON3557,RC-L
RCON3632,RC
RCON3645,RC-G
RCON3646,RC-G
RCON3656,RC
RCON3792,RC-R-I
RCON3809,RC-R-I
RCON3812,RC-R-I
RCON3814,RC-L
RCON3815,RC-L
RCON3817,RC-L
RCON3819,RC-L
RCON3820,RC-L
RCON3821,RC-L
RCON3822,RC-L
RCON3826,RC-L
RCON3833,RC-R-I
RCON3838,RC
RCON3839,RC
RCON4088,RC-M
RCON4336,RC-R-I
RCON5306,RC-R-I
RCON5310,RC-R-I
RCON5311,RC-R-I
RCON5320,RC-R-I
RCON5327,RC-R-I
RCON5334,RC-R-I
RCON5339,RC-R-I
RCON5340,RC-R-I
RCON5367,RC-C
RCON5368,RC-C
RCON5369,RC
RCON5370,RC-C
RCON5380,RC-N
RCON5381,RC-N
RCON5382,RC-N
RCON5389,RC-N
RCON5390,RC-N
RCON5391,RC-N
RCON5398,RC-N
RCON5399,RC-N
RCON5400,RC-N
RCON5459,RC-N
RCON5460,RC-N
RCON5461,RC-N
RCON5507,RC-M
RCON5508,RC-M
RCON5509,RC-M
RCON5510,RC-M
RCON5511,RC-M
RCON5512,RC-M
RCON5562,RC-C
RCON5563,RC-C
RCON5564,RC-C
RCON5565,RC-C
RCON5566,RC-C
RCON5567,RC-C
RCON5568,RC-C
RCON5569,RC-C
RCON5570,RC-C
RCON5571,RC-C
RCON5572,RC-C
RCON5573,RC-C
RCON5574,RC-C
RCON5575,RC-C
RCON5576,RC-C
RCON5577,RC-C
RCON5578,RC-C
RCON5579,RC-C
RCON5580,RC-C
RCON5581,RC-C
RCON5582,RC-C
RCON5583,RC-C
RCON5584,RC-C
RCON5585,RC-C
RCON5586,RC-C
RCON5587,RC-C
RCON5588,RC-C
RCON5589,RC-C
RCON5590,RC-E
RCON5591,RC-L
RCON5592,RC-L
RCON5593,RC-L
RCON5594,RC-L
RCON5595,RC-L
RCON5597,RC-O
RCON5610,RC-R-I
RCON6164,RC-M
RCON6165,RC-M
RCON6550,RC-L
RCON6558,RC-N
RCON6559,RC-N
RCON6560,RC-N
RCON6631,RC
RCON6636,RC
RCON6648,RC-E
RCON6724,RC
RCON6810,RC-E
RCON6835,RC-E
RCON6860,RC-C
RCON6999,RC-C
RCON7204,RC-R-I
RCON7205,RC-R-I
RCON7206,RC-R-I
RCON7273,RC-R-I
RCON7274,RC-R-I
RCON7275,RC-R-I
RCON8274,RC-R-I
RCON8275,RC-R-I
RCON8434,RC-R-I
RCON8492,RC-H
RCON8495,RC-H
RCON8496,RC-B
RCON8497,RC-B
RCON8498,RC-B
RCON8499,RC-B
RCON8678,RC
RCON8693,RC-L
RCON8694,RC-L
RCON8695,RC-L
RCON8696,RC-L
RCON8697,RC-L
RCON8698,RC-L
RCON8699,RC-L
RCON8700,RC-L
RCON8701,RC-L
RCON8702,RC-L
RCON8703,RC-L
RCON8704,RC-L
RCON8705,RC-L
RCON8706,RC-L
RCON8707,RC-L
RCON8708,RC-L
RCON8709,RC-L
RCON8710,RC-L
RCON8711,RC-L
RCON8712,RC-L
RCON8713,RC-L
RCON8714,RC-L
RCON8715,RC-L
RCON8716,RC-L
RCON8719,RC-L
RCON8720,RC-L
RCON8723,RC-L
RCON8724,RC-L
RCON8725,RC-L
RCON8726,RC-L
RCON8727,RC-L
RCON8728,RC-L
RCON8733,RC-L
RCON8734,RC-L
RCON8735,RC-L
RCON8736,RC-L
RCON8737,RC-L
RCON8738,RC-L
RCON8739,RC-L
RCON8740,RC-L
RCON8741,RC-L
RCON8742,RC-L
RCON8743,RC-L
RCON8744,RC-L
RCON8745,RC-L
RCON8746,RC-L
RCON8747,RC-L
RCON8748,RC-L
RCON8764,RC-R-I
RCON8765,RC-L
RCON8766,RC-R-I
RCON8767,RC-R-I
RCON8769,RC-R-I
RCON8770,RC-R-I
RCON8771,RC-R-I
RCON8772,RC-R-I
RCON8773,RC-R-I
RCON8774,RC-R-I
RCON8775,RC-R-I
RCON8776,RC-R-I
RCON8777,RC-R-I
RCON8778,RC-R-I
RCON8779,RC-R-I
RCON8782,RC-B
RCON8783,RC-B
RCONA000,RC-R-I
RCONA001,RC-R-I
RCONA002,RC-R-I
RCONA126,RC-L
RCONA127,RC-L
RCONA130,RC
RCONA167,RC-R-I
RCONA221,RC-R-I
RCONA222,RC-R-I
RCONA223,RC-R-I
RCONA224,RC-R-I
RCONA241,RC-E
RCONA243,RC-E
RCONA247,RC-C
RCONA248,RC-B
RCONA249,RC-S
RCONA250,RC-R-I
RCONA345,RC-T
RCONA346,RC-T
RCONA510,RC-B
RCONA511,RC-B
RCONA514,RC-K
RCONA519,RC-F
RCONA520,RC-F
RCONA529,RC-K
RCONA545,RC-O
RCONA549,RC-B
RCONA550,RC-B
RCONA551,RC-B
RCONA552,RC-B
RCONA553,RC-B
RCONA554,RC-B
RCONA555,RC-B
RCONA556,RC-B
RCONA557,RC-B
RCONA558,RC-B
RCONA559,RC-B
RCONA560,RC-B
RCONA561,RC-B
RCONA562,RC-B
RCONA564,RC-C
RCONA565,RC-C
RCONA566,RC-C
RCONA567,RC-C
RCONA568,RC-C
RCONA569,RC-C
RCONA570,RC-C
RCONA571,RC-C
RCONA572,RC-C
RCONA573,RC-C
RCONA574,RC-C
RCONA575,RC-C
RCONA579,RC-E
RCONA580,RC-E
RCONA581,RC-E
RCONA582,RC-E
RCONA584,RC-E
RCONA585,RC-E
RCONA586,RC-E
RCONA587,RC-E
RCONA589,RC-L
RCONA590,RC-M
RCONA591,RC-S
RCONB026,RC-M
RCONB500,RC-S
RCONB501,RC-S
RCONB502,RC-S
RCONB503,RC-R-I
RCONB504,RC-R-I
RCONB505,RC-R-I
RCONB520,RC-R-I
RCONB528,RC
RCONB529,RC
RCONB530,RC
RCONB531,RC-C
RCONB532,RC-C
RCONB533,RC-C
RCONB534,RC-C
RCONB535,RC-C
RCONB536,RC-C
RCONB537,RC-C
RCONB538,RC-C
RCONB539,RC-C
RCONB541,RC-R-I
RCONB542,RC-R-I
RCONB543,RC-R-I
RCONB546,RC-R-I
RCONB547,RC-R-I
RCONB548,RC-R-I
RCONB549,RC-E
RCONB550,RC-E
RCONB551,RC-E
RCONB552,RC-E
RCONB556,RC-F
RCONB557,RC-G
RCONB558,RC-K
RCONB559,RC-K
RCONB560,RC-K
RCONB561,RC-K
RCONB562,RC-K
RCONB563,RC-K
RCONB569,RC-M
RCONB570,RC-M
RCONB571,RC-M
RCONB575,RC-N
RCONB576,RC-N
RCONB577,RC-N
RCONB581,RC-R-I
RCONB582,RC-R-I
RCONB583,RC-R-I
RCONB588,RC-R-I
RCONB589,RC-R-I
RCONB590,RC-R-I
RCONB591,RC-R-I
RCONB592,RC-R-I
RCONB593,RC-R-I
RCONB594,RC-R-I
RCONB595,RC-R-I
RCONB596,RC-R-I
RCONB600,RC-R-I
RCONB601,RC-R-I
RCONB602,RC-R-I
RCONB603,RC-R-I
RCONB604,RC-R-I
RCONB605,RC-R-I
RCONB606,RC-R-I
RCONB607,RC-R-I
RCONB608,RC-R-I
RCONB609,RC-R-I
RCONB610,RC-R-I
RCONB611,RC-R-I
RCONB612,RC-R-I
RCONB617,RC-R-I
RCONB618,RC-R-I
RCONB619,RC-R-I
RCONB620,RC-R-I
RCONB621,RC-R-I
RCONB622,RC-R-I
RCONB623,RC-R-I
RCONB624,RC-R-I
RCONB625,RC-R-I
RCONB626,RC-R-I
RCONB627,RC-R-I
RCONB628,RC-R-I
RCONB629,RC-R-I
RCONB630,RC-R-I
RCONB631,RC-R-I
RCONB639,RC-R-I
RCONB640,RC-R-I
RCONB641,RC-R-I
RCONB642,RC-R-I
RCONB643,RC-R-I
RCONB644,RC-R-I
RCONB650,RC-R-I
RCONB651,RC-R-I
RCONB652,RC-R-I
RCONB653,RC-R-I
RCONB654,RC-R-I
RCONB655,RC-R-I
RCONB656,RC-R-I
RCONB657,RC-R-I
RCONB658,RC-R-I
RCONB659,RC-R-I
RCONB660,RC-R-I
RCONB661,RC-R-I
RCONB662,RC-R-I
RCONB663,RC-R-I
RCONB664,RC-R-I
RCONB665,RC-R-I
RCONB666,RC-R-I
RCONB667,RC-R-I
RCONB668,RC-R-I
RCONB669,RC-R-I
RCONB670,RC-R-I
RCONB671,RC-R-I
RCONB672,RC-R-I
RCONB673,RC-R-I
RCONB675,RC-R-I
RCONB676,RC-R-I
RCONB677,RC-R-I
RCONB678,RC-R-I
RCONB679,RC-R-I
RCONB680,RC-R-I
RCONB681,RC-R-I
RCONB682,RC-R-I
RCONB683,RC-R-I
RCONB684,RC-R-I
RCONB685,RC-R-I
RCONB686,RC-R-I
RCONB687,RC-R-I
RCONB688,RC-R-I
RCONB689,RC-R-I
RCONB690,RC-R-I
RCONB691,RC-R-I
RCONB693,RC-R-I
RCONB694,RC-R-I
RCONB695,RC-R-I
RCONB696,RC-R-I
RCONB697,RC-R-I
RCONB698,RC-R-I
RCONB699,RC-R-I
RCONB700,RC-R-I
RCONB701,RC-R-I
RCONB702,RC-R-I
RCONB703,RC-R-I
RCONB704,RC-R-I
RCONB705,RC-S
RCONB706,RC-S
RCONB707,RC-S
RCONB708,RC-S
RCONB709,RC-S
RCONB710,RC-S
RCONB711,RC-S
RCONB712,RC-S
RCONB713,RC-S
RCONB714,RC-S
RCONB715,RC-S
RCONB716,RC-S
RCONB717,RC-S
RCONB718,RC-S
RCONB726,RC-S
RCONB727,RC-S
RCONB728,RC-S
RCONB729,RC-S
RCONB730,RC-S
RCONB731,RC-S
RCONB732,RC-S
RCONB733,RC-S
RCONB734,RC-S
RCONB735,RC-S
RCONB736,RC-S
RCONB737,RC-S
RCONB738,RC-S
RCONB739,RC-S
RCONB740,RC-S
RCONB741,RC-S
RCONB742,RC-S
RCONB743,RC-S
RCONB744,RC-S
RCONB745,RC-S
RCONB746,RC-S
RCONB761,RC-S
RCONB762,RC-S
RCONB763,RC-S
RCONB764,RC-S
RCONB765,RC-S
RCONB766,RC-S
RCONB767,RC-S
RCONB768,RC-S
RCONB769,RC-S
RCONB776,RC-S
RCONB777,RC-S
RCONB778,RC-S
RCONB779,RC-S
RCONB780,RC-S
RCONB781,RC-S
RCONB782,RC-S
RCONB783,RC-S
RCONB784,RC-S
RCONB785,RC-S
RCONB786,RC-S
RCONB787,RC-S
RCONB788,RC-S
RCONB789,RC-S
RCONB790,RC-S
RCONB791,RC-S
RCONB792,RC-S
RCONB793,RC-S
RCONB794,RC-S
RCONB795,RC-S
RCONB796,RC-S
RCONB797,RC-S
RCONB798,RC-S
RCONB799,RC-S
RCONB800,RC-S
RCONB801,RC-S
RCONB802,RC-S
RCONB803,RC-S
RCONB804,RC-S
RCONB805,RC-S
RCONB806,RC-S
RCONB807,RC-S
RCONB808,RC-S
RCONB809,RC-S
RCONB834,RC-N
RCONB835,RC-N
RCONB836,RC-N
RCONB837,RC-C
RCONB838,RC-B
RCONB839,RC-B
RCONB840,RC-B
RCONB841,RC-B
RCONB842,RC-B
RCONB843,RC-B
RCONB844,RC-B
RCONB845,RC-B
RCONB846,RC-B
RCONB847,RC-B
RCONB848,RC-B
RCONB849,RC-B
RCONB850,RC-B
RCONB851,RC-B
RCONB852,RC-B
RCONB853,RC-B
RCONB854,RC-B
RCONB855,RC-B
RCONB856,RC-B
RCONB857,RC-B
RCONB858,RC-B
RCONB859,RC-B
RCONB860,RC-B
RCONB861,RC-B
RCONB867,RC-T
RCONB868,RC-T
RCONB869,RC-T
RCONB870,RC-T
RCONB871,RC-T
RCONB872,RC-T
RCONB873,RC-T
RCONB874,RC-T
RCONB875,RC-T
RCONB876,RC-T
RCONB877,RC-T
RCONB878,RC-T
RCONB879,RC-T
RCONB880,RC-T
RCONB881,RC-T
RCONB882,RC-T
RCONB883,RC-T
RCONB884,RC-T
RCONB885,RC-T
RCONB886,RC-T
RCONB888,RC-T
RCONB890,RC-T
RCONB891,RC-T
RCONB892,RC-T
RCONB893,RC-T
RCONB894,RC-T
RCONB895,RC-T
RCONB896,RC-T
RCONB897,RC-T
RCONB898,RC-T
RCONB899,RC-T
RCONB927,RC-T
RCONB928,RC-T
RCONB929,RC-T
RCONB931,RC-T
RCONB932,RC-T
RCONB933,RC-T
RCONB934,RC-T
RCONB935,RC-T
RCONB936,RC-T
RCONB937,RC-T
RCONB938,RC-T
RCONB939,RC-T
RCONB940,RC-T
RCONB941,RC-T
RCONB942,RC-T
RCONB943,RC-T
RCONB944,RC-T
RCONB945,RC-T
RCONB946,RC-T
RCONB987,RC
RCONB989,RC
RCONB993,RC
RCONB995,RC
RCONC001,RC-T
RCONC002,RC-T
RCONC010,RC-F
RCONC011,RC-G
RCONC012,RC-G
RCONC026,RC-B
RCONC027,RC-B
RCONC063,RC-R-I
RCONC064,RC-R-I
RCONC219,RC-L
RCONC220,RC-L
RCONC221,RC-L
RCONC222,RC-L
RCONC223,RC-L
RCONC224,RC-L
RCONC225,RC-R-I
RCONC226,RC-N
RCONC227,RC-R-I
RCONC228,RC-R-I
RCONC229,RC-N
RCONC230,RC-N
RCONC236,RC-N
RCONC237,RC-N
RCONC238,RC-N
RCONC239,RC-N
RCONC240,RC-N
RCONC241,RC-N
RCONC391,RC-C
RCONC393,RC-S
RCONC394,RC-S
RCONC395,RC-S
RCONC396,RC-S
RCONC397,RC-S
RCONC398,RC-S
RCONC399,RC-S
RCONC400,RC-S
RCONC401,RC-S
RCONC402,RC-S
RCONC403,RC-S
RCONC404,RC-S
RCONC405,RC-S
RCONC406,RC-S
RCONC407,RC-S
RCONC410,RC-N
RCONC411,RC-N
RCONC436,RC-F
RCONC779,RC-C
RCONC780,RC-C
RCONC869,RC-R-I
RCONC968,RC-L
RCONC969,RC-L
RCONC970,RC-L
RCONC971,RC-L
RCONC972,RC-L
RCONC973,RC-L
RCONC974,RC-L
RCONC975,RC-L
RCONC978,RC-L
RCONC979,RC-M
RCONC988,RC-B
RCONC989,RC-B
RCOND957,RC-R-II
RCOND958,RC-R-II
RCOND959,RC-R-II
RCOND960,RC-R-II
RCOND961,RC-R-II
RCOND962,RC-R-II
RCOND963,RC-R-II
RCOND964,RC-R-II
RCOND965,RC-R-II
RCOND966,RC-R-II
RCOND967,RC-R-II
RCOND968,RC-R-II
RCOND969,RC-R-II
RCOND970,RC-R-II
RCOND971,RC-R-II
RCOND972,RC-R-II
RCOND973,RC-R-II
RCOND974,RC-R-II
RCOND976,RC-R-II
RCOND977,RC-R-II
RCOND978,RC-R-II
RCOND979,RC-R-II
RCOND980,RC-R-II
RCOND981,RC-R-II
RCOND982,RC-R-II
RCOND983,RC-R-II
RCOND984,RC-R-II
RCOND985,RC-R-II
RCOND987,RC-R-II
RCOND988,RC-R-II
RCOND989,RC-R-II
RCOND990,RC-R-II
RCOND991,RC-R-II
RCOND992,RC-R-II
RCOND993,RC-R-II
RCOND994,RC-R-II
RCOND995,RC-R-II
RCOND996,RC-R-II
RCOND997,RC-R-II
RCOND998,RC-R-II
RCOND999,RC-R-II
RCONF045,RC-O
RCONF046,RC-O
RCONF047,RC-O
RCONF048,RC-O
RCONF049,RC-O
RCONF050,RC-O
RCONF051,RC-O
RCONF052,RC-O
RCONF055,RC-M
RCONF056,RC-M
RCONF057,RC-M
RCONF058,RC-M
RCONF059,RC-M
RCONF060,RC-M
RCONF061,RC-M
RCONF062,RC-M
RCONF063,RC-M
RCONF064,RC-M
RCONF065,RC-M
RCONF066,RC-P
RCONF067,RC-P
RCONF068,RC-P
RCONF069,RC-P
RCONF070,RC-P
RCONF071,RC-P
RCONF072,RC-P
RCONF073,RC-P
RCONF158,RC-C
RCONF159,RC-C
RCONF160,RC-C
RCONF161,RC-C
RCONF162,RC-C
RCONF163,RC-C
RCONF164,RC-L
RCONF165,RC-L
RCONF166,RC-N
RCONF167,RC-N
RCONF168,RC-N
RCONF172,RC-N
RCONF173,RC-N
RCONF174,RC-N
RCONF175,RC-N
RCONF176,RC-N
RCONF177,RC-N
RCONF178,RC-N
RCONF179,RC-N
RCONF180,RC-N
RCONF181,RC-N
RCONF182,RC-N
RCONF183,RC-N
RCONF230,RC-C
RCONF231,RC-C
RCONF232,RC-C
RCONF233,RC-E
RCONF236,RC-O
RCONF237,RC-O
RCONF238,RC-O
RCONF239,RC-O
RCONF240,RC-Q
RCONF241,RC-Q
RCONF242,RC-Q
RCONF252,RC-Q
RCONF253,RC-Q
RCONF254,RC-Q
RCONF261,RC-Q
RCONF262,RC-Q
RCONF263,RC-Q
RCONF264,RC-R-I
RCONF576,RC-C
RCONF577,RC-C
RCONF578,RC-C
RCONF579,RC-C
RCONF580,RC-C
RCONF581,RC-C
RCONF582,RC-C
RCONF583,RC-C
RCONF584,RC-C
RCONF585,RC-C
RCONF586,RC-C
RCONF587,RC-C
RCONF589,RC-C
RCONF590,RC-C
RCONF591,RC-C
RCONF592,RC-C
RCONF593,RC-C
RCONF594,RC-C
RCONF595,RC-C
RCONF596,RC-C
RCONF597,RC-C
RCONF598,RC-C
RCONF599,RC-C
RCONF601,RC-C
RCONF604,RC-D
RCONF605,RC-D
RCONF606,RC-D
RCONF607,RC-D
RCONF611,RC-D
RCONF612,RC-D
RCONF613,RC-D
RCONF614,RC-D
RCONF615,RC-D
RCONF616,RC-D
RCONF618,RC-D
RCONF624,RC-D
RCONF625,RC-D
RCONF626,RC-D
RCONF627,RC-D
RCONF628,RC-D
RCONF629,RC-D
RCONF630,RC-D
RCONF631,RC-D
RCONF632,RC-D
RCONF633,RC-D
RCONF634,RC-D
RCONF636,RC-D
RCONF639,RC-D
RCONF640,RC-D
RCONF643,RC-D
RCONF644,RC-D
RCONF645,RC-D
RCONF646,RC-D
RCONF647,RC-D
RCONF648,RC-D
RCONF651,RC-D
RCONF652,RC-D
RCONF653,RC-D
RCONF654,RC-D
RCONF655,RC-D
RCONF656,RC-D
RCONF657,RC-D
RCONF658,RC-D
RCONF659,RC-D
RCONF660,RC-D
RCONF661,RC-N
RCONF662,RC-N
RCONF663,RC-N
RCONF664,RC-N
RCONF665,RC-N
RCONF666,RC-N
RCONF667,RC-N
RCONF668,RC-N
RCONF669,RC-N
RCONF670,RC-P
RCONF671,RC-P
RCONF672,RC-P
RCONF673,RC-P
RCONF674,RC-P
RCONF675,RC-P
RCONF676,RC-P
RCONF677,RC-P
RCONF678,RC-P
RCONF679,RC-P
RCONF680,RC-P
RCONF681,RC-P
RCONF684,RC-Q
RCONF686,RC-Q
RCONF689,RC-Q
RCONF692,RC-Q
RCONF694,RC-Q
RCONF697,RC-Q
RCONF699,RC-S
RCONFT04,RC-P
RCONFT05,RC-P
RCONFT33,RC-F
RCONFT34,RC-F
RCONFT35,RC-F
RCONG091,RC-C
RCONG092,RC-C
RCONG093,RC-C
RCONG094,RC-C
RCONG095,RC-C
RCONG096,RC-C
RCONG097,RC-C
RCONG098,RC-C
RCONG099,RC-C
RCONG100,RC-C
RCONG101,RC-C
RCONG102,RC-C
RCONG105,RC
RCONG299,RC-D
RCONG300,RC-B
RCONG301,RC-B
RCONG302,RC-B
RCONG303,RC-B
RCONG304,RC-B
RCONG305,RC-B
RCONG306,RC-B
RCONG307,RC-B
RCONG308,RC-B
RCONG309,RC-B
RCONG310,RC-B
RCONG311,RC-B
RCONG312,RC-B
RCONG313,RC-B
RCONG314,RC-B
RCONG315,RC-B
RCONG316,RC-B
RCONG317,RC-B
RCONG318,RC-B
RCONG319,RC-B
RCONG320,RC-B
RCONG321,RC-B
RCONG322,RC-B
RCONG323,RC-B
RCONG332,RC-D
RCONG333,RC-D
RCONG334,RC-D
RCONG335,RC-D
RCONG336,RC-B
RCONG337,RC-B
RCONG338,RC-B
RCONG339,RC-B
RCONG340,RC-B
RCONG341,RC-B
RCONG342,RC-B
RCONG343,RC-B
RCONG344,RC-B
RCONG345,RC-B
RCONG346,RC-B
RCONG347,RC-B
RCONG348,RC-B
RCONG349,RC-B
RCONG350,RC-B
RCONG351,RC-B
RCONG352,RC-B
RCONG353,RC-B
RCONG354,RC-B
RCONG355,RC-B
RCONG356,RC-B
RCONG357,RC-B
RCONG358,RC-B
RCONG359,RC-B
RCONG360,RC-B
RCONG361,RC-B
RCONG362,RC-B
RCONG363,RC-B
RCONG364,RC-B
RCONG365,RC-B
RCONG366,RC-B
RCONG367,RC-B
RCONG368,RC-B
RCONG369,RC-B
RCONG370,RC-B
RCONG371,RC-B
RCONG372,RC-B
RCONG373,RC-B
RCONG374,RC-B
RCONG375,RC-B
RCONG376,RC-C
RCONG378,RC-C
RCONG379,RC-D
RCONG380,RC-D
RCONG381,RC-D
RCONG383,RC-D
RCONG384,RC-D
RCONG385,RC-D
RCONG386,RC-D
RCONG387,RC-D
RCONG388,RC-D
RCONG389,RC-H
RCONG390,RC-H
RCONG391,RC-Q
RCONG392,RC-Q
RCONG393,RC-H
RCONG394,RC-H
RCONG395,RC-Q
RCONG396,RC-Q
RCONG397,RC-H
RCONG398,RC-H
RCONG399,RC-H
RCONG400,RC-H
RCONG401,RC-L
RCONG402,RC-L
RCONG403,RC-L
RCONG404,RC-L
RCONG405,RC-L
RCONG406,RC-L
RCONG407,RC-L
RCONG408,RC-L
RCONG409,RC-L
RCONG410,RC-L
RCONG411,RC-L
RCONG412,RC-L
RCONG413,RC-L
RCONG414,RC-L
RCONG415,RC-L
RCONG416,RC-L
RCONG417,RC-L
RCONG418,RC-L
RCONG419,RC-L
RCONG420,RC-L
RCONG421,RC-L
RCONG422,RC-L
RCONG423,RC-L
RCONG424,RC-L
RCONG425,RC-L
RCONG426,RC-L
RCONG427,RC-L
RCONG428,RC-L
RCONG429,RC-L
RCONG430,RC-L
RCONG431,RC-L
RCONG432,RC-L
RCONG433,RC-L
RCONG434,RC-L
RCONG435,RC-L
RCONG436,RC-L
RCONG437,RC-L
RCONG438,RC-L
RCONG439,RC-L
RCONG440,RC-L
RCONG441,RC-L
RCONG442,RC-L
RCONG443,RC-L
RCONG444,RC-L
RCONG445,RC-L
RCONG446,RC-L
RCONG447,RC-L
RCONG448,RC-L
RCONG449,RC-L
RCONG450,RC-L
RCONG451,RC-L
RCONG452,RC-L
RCONG453,RC-L
RCONG454,RC-L
RCONG455,RC-L
RCONG456,RC-L
RCONG457,RC-L
RCONG458,RC-L
RCONG459,RC-L
RCONG460,RC-L
RCONG461,RC-L
RCONG462,RC-L
RCONG463,RC-M
RCONG464,RC-M
RCONG465,RC-O
RCONG466,RC-O
RCONG467,RC-O
RCONG468,RC-O
RCONG469,RC-O
RCONG470,RC-O
RCONG471,RC-O
RCONG472,RC-O
RCONG474,RC-Q
RCONG475,RC-Q
RCONG476,RC-Q
RCONG477,RC-Q
RCONG478,RC-Q
RCONG479,RC-Q
RCONG480,RC-Q
RCONG481,RC-Q
RCONG482,RC-Q
RCONG483,RC-Q
RCONG484,RC-Q
RCONG485,RC-Q
RCONG486,RC-Q
RCONG487,RC-Q
RCONG488,RC-Q
RCONG489,RC-Q
RCONG490,RC-Q
RCONG491,RC-Q
RCONG492,RC-Q
RCONG493,RC-Q
RCONG494,RC-Q
RCONG495,RC-Q
RCONG496,RC-Q
RCONG497,RC-Q
RCONG498,RC-Q
RCONG499,RC-Q
RCONG500,RC-Q
RCONG501,RC-Q
RCONG502,RC-Q
RCONG503,RC-Q
RCONG504,RC-Q
RCONG505,RC-Q
RCONG506,RC-Q
RCONG507,RC-Q
RCONG508,RC-Q
RCONG509,RC-Q
RCONG510,RC-Q
RCONG511,RC-Q
RCONG512,RC-Q
RCONG513,RC-Q
RCONG514,RC-Q
RCONG515,RC-Q
RCONG516,RC-Q
RCONG517,RC-Q
RCONG518,RC-Q
RCONG519,RC-Q
RCONG520,RC-Q
RCONG521,RC-Q
RCONG522,RC-Q
RCONG523,RC-Q
RCONG524,RC-Q
RCONG525,RC-Q
RCONG526,RC-Q
RCONG527,RC-Q
RCONG528,RC-Q
RCONG529,RC-Q
RCONG530,RC-Q
RCONG531,RC-Q
RCONG532,RC-Q
RCONG533,RC-Q
RCONG534,RC-Q
RCONG535,RC-Q
RCONG536,RC-Q
RCONG537,RC-Q
RCONG538,RC-Q
RCONG539,RC-Q
RCONG540,RC-Q
RCONG541,RC-Q
RCONG542,RC-Q
RCONG543,RC-Q
RCONG544,RC-Q
RCONG545,RC-Q
RCONG546,RC-Q
RCONG547,RC-Q
RCONG548,RC-Q
RCONG549,RC-Q
RCONG550,RC-Q
RCONG551,RC-Q
RCONG552,RC-Q
RCONG553,RC-Q
RCONG554,RC-Q
RCONG555,RC-Q
RCONG556,RC-Q
RCONG557,RC-Q
RCONG558,RC-Q
RCONG559,RC-Q
RCONG560,RC-Q
RCONG561,RC-Q
RCONG562,RC-Q
RCONG563,RC-Q
RCONG564,RC-Q
RCONG565,RC-Q
RCONG566,RC-Q
RCONG567,RC-Q
RCONG568,RC-Q
RCONG569,RC-Q
RCONG570,RC-Q
RCONG571,RC-Q
RCONG572,RC-Q
RCONG573,RC-Q
RCONG574,RC-Q
RCONG575,RC-Q
RCONG576,RC-Q
RCONG577,RC-Q
RCONG578,RC-Q
RCONG579,RC-Q
RCONG580,RC-Q
RCONG581,RC-Q
RCONG582,RC-Q
RCONG583,RC-Q
RCONG584,RC-Q
RCONG585,RC-Q
RCONG586,RC-Q
RCONG587,RC-Q
RCONG588,RC-Q
RCONG589,RC-Q
RCONG590,RC-Q
RCONG591,RC-R-I
RCONG592,RC-R-I
RCONG593,RC-R-I
RCONG594,RC-R-I
RCONG595,RC-R-I
RCONG596,RC-R-I
RCONG597,RC-R-I
RCONG598,RC-R-I
RCONG599,RC-R-I
RCONG600,RC-R-I
RCONG601,RC-R-I
RCONG602,RC-R-I
RCONG603,RC-R-II
RCONG604,RC-R-II
RCONG605,RC-R-II
RCONG606,RC-R-II
RCONG607,RC-R-II
RCONG608,RC-R-II
RCONG609,RC-R-II
RCONG610,RC-R-II
RCONG611,RC-R-II
RCONG612,RC-R-II
RCONG613,RC-R-II
RCONG614,RC-R-II
RCONG615,RC-R-II
RCONG616,RC-R-II
RCONG617,RC-R-II
RCONG618,RC-R-II
RCONG619,RC-R-II
RCONG620,RC-R-II
RCONG621,RC-R-II
RCONG622,RC-R-II
RCONG623,RC-R-II
RCONG624,RC-R-II
RCONG625,RC-R-II
RCONG626,RC-R-II
RCONG627,RC-R-II
RCONG628,RC-R-II
RCONG629,RC-R-II
RCONG630,RC-R-II
RCONG631,RC-R-II
RCONG632,RC-R-II
RCONG633,RC-R-II
RCONG634,RC-R-II
RCONG635,RC-R-II
RCONG636,RC-R-II
RCONG637,RC-R-II
RCONG641,RC-R-II
RCONG642,RC-R-II
RCONG651,RC-D
RCONG652,RC-D
RCONG803,RC-O
RCONG804,RC-Q
RCONG805,RC-Q
RCONG806,RC-Q
RCONG807,RC-Q
RCONG808,RC-Q
RCONG809,RC-Q
RCONGW45,RC-C
RCONGW46,RC-C
RCONGW47,RC-C
RCONH171,RC-R-II
RCONH172,RC-R-II
RCONH173,RC-R-II
RCONH174,RC-R-II
RCONH175,RC-R-II
RCONH176,RC-R-II
RCONH177,RC-R-II
RCONH178,RC-R-II
RCONH179,RC-R-II
RCONH180,RC-R-II
RCONH181,RC-R-II
RCONH182,RC-R-II
RCONH185,RC-R-II
RCONH186,RC-R-II
RCONH187,RC-R-II
RCONH188,RC-R-II
RCONH191,RC-R-II
RCONH193,RC-R-II
RCONH194,RC-R-II
RCONH195,RC-R-II
RCONH196,RC-R-II
RCONH197,RC-R-II
RCONH198,RC-R-II
RCONH199,RC-R-II
RCONH200,RC-R-II
RCONH270,RC-R-II
RCONH271,RC-R-II
RCONH272,RC-R-II
RCONH273,RC-R-II
RCONH274,RC-R-II
RCONH275,RC-R-II
RCONH276,RC-R-II
RCONH277,RC-R-II
RCONH278,RC-R-II
RCONH279,RC-R-II
RCONH280,RC-R-II
RCONH281,RC-R-II
RCONH282,RC-R-II
RCONH283,RC-R-II
RCONH284,RC-R-II
RCONH285,RC-R-II
RCONH286,RC-R-II
RCONH287,RC-R-II
RCONH288,RC-R-II
RCONH289,RC-R-II
RCONH290,RC-R-II
RCONH291,RC-R-II
RCONH292,RC-R-II
RCONH293,RC-R-II
RCONH294,RC-R-II
RCONH295,RC-R-II
RCONH296,RC-R-II
RCONH297,RC-R-II
RCONH298,RC-R-II
RCONH299,RC-R-II
RCONH300,RC-R-II
RCONH301,RC-R-II
RCONH302,RC-R-II
RCONH303,RC-R-II
RCONH304,RC-R-II
RCONH307,RC-R-II
RCONH308,RC-R-II
RCONH309,RC-R-II
RCONH310,RC-R-II
RCONHJ74,RC-R-II
RCONHJ75,RC-R-II
RCONHJ76,RC-R-II
RCONHJ77,RC-R-II
RCONHJ78,RC-R-II
RCONHJ79,RC-R-II
RCONHJ80,RC-R-II
RCONHJ81,RC-R-II
RCONHJ82,RC-R-II
RCONHJ83,RC-R-II
RCONHJ84,RC-R-II
RCONHJ85,RC-R-II
RCONHJ86,RC-R-II
RCONHJ87,RC-R-II
RCONHJ88,RC-R-II
RCONHJ89,RC-R-II
RCONHJ90,RC-R-II
RCONHJ91,RC-R-II
RCONHJ92,RC-R-II
RCONHJ93,RC-R-II
RCONHJ94,RC-R-II
RCONHJ95,RC-R-II
RCONHJ96,RC-R-II
RCONHJ97,RC-R-II
RCONHJ98,RC-R-II
RCONHJ99,RC-R-II
RCONHK00,RC-R-II
RCONHK01,RC-R-II
RCONHK05,RC-E
RCONHK06,RC-E
RCONHK07,RC-E
RCONHK08,RC-E
RCONHK09,RC-E
RCONHK10,RC-E
RCONHK11,RC-E
RCONHK12,RC-E
RCONHK13,RC-E
RCONHK14,RC-E
RCONHK15,RC-E
RCONHK16,RC-K
RCONHK17,RC-K
RCONHK25,RC-C
RCONHK26,RC-N
RCONHK27,RC-N
RCONHK28,RC-N
RCONHT50,RC-B
RCONHT51,RC-B
RCONHT52,RC-B
RCONHT53,RC-B
RCONHT54,RC-B
RCONHT55,RC-B
RCONHT56,RC-B
RCONHT57,RC-B
RCONHT58,RC-B
RCONHT59,RC-B
RCONHT60,RC-B
RCONHT61,RC-B
RCONHT62,RC-D
RCONHT63,RC-D
RCONHT64,RC-D
RCONHT65,RC-D
RCONHT66,RC-D
RCONHT67,RC-D
RCONHT68,RC-D
RCONHT71,RC-H
RCONHT72,RC-L
RCONHT80,RC-F
RCONHT81,RC-P
RCONHT82,RC-P
RCONHT83,RC-P
RCONHT84,RC-P
RCONHT86,RC-P
RCONHT87,RC-Q
RCONHT88,RC-Q
RCONHT89,RC-Q
RCONHT91,RC-Q
RCONHT92,RC-Q
RCONHT93,RC-Q
RCONHU09,RC-S
RCONHU15,RC-S
RCONHU19,RC-S
RCONHU20,RC-V
RCONHU21,RC-V
RCONHU22,RC-V
RCONHU23,RC-V
RCONJ253,RC-T
RCONJ254,RC-T
RCONJ255,RC-T
RCONJ256,RC-T
RCONJ257,RC-T
RCONJ258,RC-T
RCONJ259,RC-T
RCONJ260,RC-T
RCONJ261,RC-T
RCONJ262,RC-T
RCONJ263,RC-T
RCONJ264,RC-T
RCONJ265,RC-T
RCONJ266,RC-T
RCONJ267,RC-T
RCONJ268,RC-T
RCONJ269,RC-T
RCONJ270,RC-T
RCONJ271,RC-T
RCONJ272,RC-T
RCONJ273,RC-T
RCONJ274,RC-T
RCONJ275,RC-T
RCONJ276,RC-T
RCONJ277,RC-T
RCONJ278,RC-T
RCONJ279,RC-T
RCONJ280,RC-T
RCONJ281,RC-T
RCONJ282,RC-T
RCONJ283,RC-T
RCONJ284,RC-T
RCONJ285,RC-T
RCONJ286,RC-T
RCONJ287,RC-T
RCONJ288,RC-T
RCONJ289,RC-T
RCONJ290,RC-T
RCONJ291,RC-T
RCONJ292,RC-T
RCONJ293,RC-T
RCONJ294,RC-T
RCONJ295,RC-T
RCONJ296,RC-T
RCONJ297,RC-T
RCONJ298,RC-T
RCONJ299,RC-T
RCONJ300,RC-T
RCONJ301,RC-T
RCONJ302,RC-T
RCONJ303,RC-T
RCONJ304,RC-T
RCONJ305,RC-T
RCONJ306,RC-T
RCONJ307,RC-T
RCONJ308,RC-T
RCONJ309,RC-T
RCONJ310,RC-T
RCONJ311,RC-T
RCONJ312,RC-T
RCONJ313,RC-T
RCONJ314,RC-T
RCONJ448,RC-F
RCONJ449,RC-F
RCONJ451,RC-C
RCONJ454,RC-C
RCONJ455,RC-L
RCONJ456,RC-L
RCONJ457,RC-L
RCONJ458,RC-L
RCONJ459,RC-L
RCONJ461,RC-M
RCONJ462,RC-M
RCONJ464,RC-C
RCONJ466,RC-C
RCONJ467,RC-C
RCONJ468,RC-C
RCONJ469,RC-C
RCONJ470,RC-C
RCONJ471,RC-C
RCONJ472,RC-E
RCONJ473,RC-E
RCONJ474,RC-E
RCONJ477,RC-L
RCONJ478,RC-L
RCONJ944,RC-O
RCONJ945,RC-O
RCONJ981,RC-V
RCONJ982,RC-V
RCONJ983,RC-V
RCONJ984,RC-V
RCONJ985,RC-V
RCONJ986,RC-V
RCONJ987,RC-V
RCONJ988,RC-V
RCONJ989,RC-V
RCONJ990,RC-V
RCONJ991,RC-V
RCONJ992,RC-V
RCONJ993,RC-V
RCONJ994,RC-V
RCONJ995,RC-V
RCONJ996,RC-V
RCONJ997,RC-V
RCONJ998,RC-V
RCONJ999,RC-V
RCONJA21,RC-R-II
RCONJA22,RC
RCONJA29,RC-M
RCONJA36,RC-Q
RCONJF75,RC-H
RCONJF76,RC-M
RCONJF77,RC-V
RCONJF78,RC-V
RCONJF84,RC-V
RCONJF85,RC-V
RCONJF86,RC-V
RCONJF87,RC-V
RCONJF88,RC-V
RCONJF89,RC-V
RCONJF90,RC-V
RCONJF91,RC-V
RCONJF92,RC-V
RCONJF93,RC-V
RCONJH83,RC-E
RCONJH84,RC-E
RCONJJ03,RI-B
RCONJJ04,RI-C
RCONJJ05,RI-C
RCONJJ06,RI-C
RCONJJ07,RI-C
RCONJJ08,RI-C
RCONJJ09,RI-C
RCONJJ11,RI-C
RCONJJ12,RI-C
RCONJJ13,RI-C
RCONJJ14,RI-C
RCONJJ15,RI-C
RCONJJ16,RI-C
RCONJJ17,RI-C
RCONJJ18,RI-C
RCONJJ19,RI-C
RCONJJ20,RI-C
RCONJJ21,RI-C
RCONJJ23,RI-C
RCONJJ24,RI-C
RCONJJ25,RI-C
RCONJJ30,RC-R-II
RCONJJ31,RC-R-II
RCONJJ32,RC-R-II
RCONJJ34,RC
RCONK001,RC-V
RCONK002,RC-V
RCONK003,RC-V
RCONK004,RC-V
RCONK005,RC-V
RCONK006,RC-V
RCONK007,RC-V
RCONK008,RC-V
RCONK009,RC-V
RCONK010,RC-V
RCONK011,RC-V
RCONK012,RC-V
RCONK013,RC-V
RCONK014,RC-V
RCONK015,RC-V
RCONK016,RC-V
RCONK017,RC-V
RCONK018,RC-V
RCONK019,RC-V
RCONK020,RC-V
RCONK021,RC-V
RCONK022,RC-V
RCONK023,RC-V
RCONK024,RC-V
RCONK025,RC-V
RCONK026,RC-V
RCONK027,RC-V
RCONK028,RC-V
RCONK029,RC-V
RCONK030,RC-V
RCONK031,RC-V
RCONK032,RC-V
RCONK033,RC-V
RCONK034,RC-V
RCONK035,RC-V
RCONK036,RC-N
RCONK037,RC-N
RCONK038,RC-N
RCONK039,RC-N
RCONK040,RC-N
RCONK041,RC-N
RCONK042,RC-N
RCONK043,RC-N
RCONK044,RC-N
RCONK045,RC-N
RCONK046,RC-N
RCONK047,RC-N
RCONK048,RC-N
RCONK049,RC-N
RCONK050,RC-N
RCONK051,RC-N
RCONK052,RC-N
RCONK053,RC-N
RCONK054,RC-N
RCONK055,RC-N
RCONK056,RC-N
RCONK057,RC-N
RCONK058,RC-N
RCONK059,RC-N
RCONK060,RC-N
RCONK061,RC-N
RCONK062,RC-N
RCONK063,RC-N
RCONK064,RC-N
RCONK065,RC-N
RCONK066,RC-N
RCONK067,RC-N
RCONK068,RC-N
RCONK069,RC-N
RCONK070,RC-N
RCONK071,RC-N
RCONK072,RC-N
RCONK073,RC-N
RCONK074,RC-N
RCONK075,RC-N
RCONK076,RC-N
RCONK077,RC-N
RCONK078,RC-N
RCONK079,RC-N
RCONK080,RC-N
RCONK081,RC-N
RCONK082,RC-N
RCONK083,RC-N
RCONK084,RC-N
RCONK085,RC-N
RCONK086,RC-N
RCONK087,RC-N
RCONK088,RC-N
RCONK089,RC-N
RCONK091,RC-N
RCONK092,RC-N
RCONK093,RC-N
RCONK095,RC-N
RCONK096,RC-N
RCONK097,RC-N
RCONK098,RC-C
RCONK099,RC-N
RCONK100,RC-N
RCONK101,RC-N
RCONK102,RC-N
RCONK103,RC-N
RCONK104,RC-N
RCONK105,RC-N
RCONK106,RC-N
RCONK107,RC-N
RCONK108,RC-N
RCONK109,RC-N
RCONK110,RC-N
RCONK111,RC-N
RCONK112,RC-N
RCONK113,RC-N
RCONK114,RC-N
RCONK115,RC-N
RCONK116,RC-N
RCONK117,RC-N
RCONK118,RC-N
RCONK119,RC-N
RCONK120,RC-N
RCONK121,RC-N
RCONK122,RC-N
RCONK123,RC-N
RCONK124,RC-N
RCONK125,RC-N
RCONK126,RC-N
RCONK127,RC-N
RCONK128,RC-N
RCONK130,RC-N
RCONK131,RC-N
RCONK132,RC-N
RCONK134,RC-N
RCONK135,RC-N
RCONK136,RC-N
RCONK137,RC-C
RCONK138,RC-N
RCONK139,RC-N
RCONK140,RC-N
RCONK142,RC-B
RCONK143,RC-B
RCONK144,RC-B
RCONK145,RC-B
RCONK146,RC-B
RCONK147,RC-B
RCONK148,RC-B
RCONK149,RC-B
RCONK150,RC-B
RCONK151,RC-B
RCONK152,RC-B
RCONK153,RC-B
RCONK154,RC-B
RCONK155,RC-B
RCONK156,RC-B
RCONK157,RC-B
RCONK158,RC-C
RCONK159,RC-C
RCONK160,RC-C
RCONK161,RC-C
RCONK162,RC-C
RCONK163,RC-C
RCONK164,RC-C
RCONK165,RC-C
RCONK166,RC-C
RCONK167,RC-C
RCONK168,RC-C
RCONK169,RC-M
RCONK170,RC-M
RCONK171,RC-M
RCONK172,RC-M
RCONK173,RC-M
RCONK174,RC-M
RCONK175,RC-M
RCONK176,RC-M
RCONK177,RC-M
RCONK178,RC-M
RCONK179,RC-M
RCONK180,RC-M
RCONK181,RC-M
RCONK182,RC-M
RCONK183,RC-M
RCONK184,RC-M
RCONK185,RC-M
RCONK186,RC-M
RCONK187,RC-M
RCONK188,RC-M
RCONK189,RC-M
RCONK190,RC-M
RCONK191,RC-M
RCONK192,RC-M
RCONK193,RC-M
RCONK194,RC-M
RCONK195,RC-C
RCONK196,RC-C
RCONK197,RC-D
RCONK198,RC-D
RCONK199,RC-D
RCONK200,RC-D
RCONK201,RC-F
RCONK202,RC-F
RCONK203,RC-C
RCONK204,RC-C
RCONK207,RC-C
RCONK208,RC-C
RCONK209,RC-C
RCONK210,RC-D
RCONK211,RC-D
RCONK212,RC-C
RCONK213,RC-N
RCONK214,RC-N
RCONK215,RC-N
RCONK216,RC-N
RCONK217,RC-N
RCONK218,RC-N
RCONK219,RC-E
RCONK220,RC-E
RCONK221,RC-E
RCONK222,RC-E
RCONK223,RC-E
RCONK256,RC-C
RCONK257,RC-N
RCONK258,RC-N
RCONK259,RC-N
RCONK267,RC-C
RCONK269,RC-N
RCONK270,RC-F
RCONK271,RC-N
RCONK272,RC-N
RCONK273,RC-M
RCONK274,RC-N
RCONK275,RC-N
RCONK276,RC-N
RCONK277,RC-N
RCONK278,RC-N
RCONK279,RC-N
RCONK280,RC-N
RCONK281,RC-N
RCONK282,RC-N
RCONK283,RC-N
RCONK284,RC-N
RCONK285,RC-N
RCONK286,RC-N
RCONK287,RC-N
RCONK288,RC-N
RCONK652,RC-O
RCONK653,RC-O
RCONK654,RC-O
RCONK655,RC-O
RCONK656,RC-O
RCONK657,RC-O
RCONK658,RC-O
RCONK659,RC-O
RCONK660,RC-O
RCONK661,RC-O
RCONK663,RC-O
RCONK664,RC-O
RCONK665,RC-O
RCONK666,RC-O
RCONK667,RC-O
RCONK668,RC-O
RCONK669,RC-O
RCONK670,RC-O
RCONK671,RC-O
RCONK672,RC-O
RCONK673,RC-O
RCONK674,RC-O
RCONK675,RC-O
RCONK676,RC-O
RCONK677,RC-O
RCONK678,RC-O
RCONK679,RC-O
RCONK680,RC-O
RCONK681,RC-O
RCONK682,RC-O
RCONL133,RC-M
RCONL135,RC-M
RCONL136,RC-R-I
RCONL137,RC-R-I
RCONL138,RC-R-I
RCONL183,RC-N
RCONL184,RC-N
RCONL185,RC-N
RCONL186,RC-N
RCONL187,RC-N
RCONL188,RC-N
RCONL189,RC-O
RCONL190,RC-O
RCONL191,RC-P
RCONL192,RC-P
RCONL194,RC-O
RCONL195,RC-O
RCONL196,RC-O
RCONL197,RC-O
RCONLB56,RC-G
RCONLE75,RC-C
RCONLG24,RC-C
RCONLG25,RC-C
RCONLG26,RC-M
RCONLG27,RC-M
RCONLG28,RC-M
RCONLL57,RC-M
RCONLL58,RC-M
RCONLL59,RC-M
RCONLL60,RC-M
RCONLL61,RC-M
RCONM288,RC-P
RCONM708,RI-C
RCONM709,RI-C
RCONM710,RI-C
RCONM711,RI-C
RCONM712,RI-C
RCONM713,RI-C
RCONM714,RI-C
RCONM715,RI-C
RCONM716,RI-C
RCONM717,RI-C
RCONM719,RI-C
RCONM720,RI-C
RCONM721,RI-C
RCONM722,RI-C
RCONM723,RI-C
RCONM724,RI-C
RCONM725,RI-C
RCONM726,RI-C
RCONM727,RI-C
RCONM728,RI-C
RCONM729,RI-C
RCONM730,RI-C
RCONM731,RI-C
RCONM732,RI-C
RCONM733,RI-C
RCONM734,RI-C
RCONM735,RI-C
RCONM736,RI-C
RCONM737,RI-C
RCONM738,RI-C
RCONM739,RI-C
RCONM740,RI-C
RCONM741,RI-C
RCONM742,RI-C
RCONM743,RI-C
RCONM744,RI-C
RCONM745,RI-C
RCONM746,RI-C
RCONM747,RI-C
RCONM748,RI-C
RCONM749,RI-C
RCONM750,RI-C
RCONM751,RI-C
RCONM963,RC-O
RCONM964,RC-O
RCONM965,RC-O
RCONM966,RC-O
RCONM967,RC-O
RCONM968,RC-O
RCONM969,RC-O
RCONM970,RC-O
RCONM971,RC-O
RCONM972,RC-O
RCONM973,RC-O
RCONM974,RC-O
RCONM975,RC-O
RCONM976,RC-O
RCONM977,RC-O
RCONM978,RC-O
RCONM979,RC-O
RCONM980,RC-O
RCONM981,RC-O
RCONM982,RC-O
RCONM983,RC-O
RCONM984,RC-O
RCONM985,RC-O
RCONM986,RC-O
RCONM987,RC-O
RCONM988,RC-O
RCONM989,RC-O
RCONM990,RC-O
RCONM991,RC-O
RCONM992,RC-O
RCONM993,RC-O
RCONM994,RC-O
RCONM995,RC-O
RCONM996,RC-O
RCONM997,RC-O
RCONM998,RC-O
RCONM999,RC-O
RCONMG95,RC-B
RCONMM07,RC-M
RCONMQ52,RC-M
RCONMT87,RC-E
RCONMT88,RC-E
RCONMT89,RC-E
RCONMT90,RC-E
RCONMT91,RC-E
RCONMT92,RC-E
RCONMT93,RC-E
RCONMT94,RC-E
RCONMT95,RC-E
RCONMW53,RC-O
RCONN001,RC-O
RCONN002,RC-O
RCONN003,RC-O
RCONN004,RC-O
RCONN005,RC-O
RCONN006,RC-O
RCONN007,RC-O
RCONN008,RC-O
RCONN009,RC-O
RCONN010,RC-O
RCONN011,RC-O
RCONN012,RC-O
RCONN013,RC-O
RCONN014,RC-O
RCONN015,RC-O
RCONN016,RC-O
RCONN017,RC-O
RCONN018,RC-O
RCONN019,RC-O
RCONN020,RC-O
RCONN021,RC-O
RCONN022,RC-O
RCONN023,RC-O
RCONN024,RC-O
RCONN025,RC-O
RCONN026,RC-O
RCONN027,RC-O
RCONN028,RC-O
RCONN029,RC-O
RCONN030,RC-O
RCONN040,RC-O
RCONN041,RC-O
RCONN042,RC-O
RCONN043,RC-O
RCONN044,RC-O
RCONN045,RC-O
RCONN046,RC-O
RCONN047,RC-O
RCONN048,RC-O
RCONN049,RC-O
RCONN050,RC-O
RCONN051,RC-O
RCONN052,RC-O
RCONN053,RC-O
RCONN054,RC-O
RCONN055,RC-O
RCONN056,RC-O
RCONN057,RC-O
RCONN058,RC-O
RCONN059,RC-O
RCONN060,RC-O
RCONN061,RC-O
RCONN062,RC-O
RCONN063,RC-O
RCONN064,RC-O
RCONN065,RC-O
RCONN066,RC-O
RCONN067,RC-O
RCONN068,RC-O
RCONN069,RC-O
RCONN070,RC-O
RCONN071,RC-O
RCONN072,RC-O
RCONN073,RC-O
RCONN074,RC-O
RCONN075,RC-O
RCONN076,RC-O
RCONN077,RC-O
RCONN078,RC-O
RCONN079,RC-O
RCONN080,RC-O
RCONN081,RC-O
RCONN082,RC-O
RCONN083,RC-O
RCONN084,RC-O
RCONN085,RC-O
RCONN086,RC-O
RCONN087,RC-O
RCONN088,RC-O
RCONN089,RC-O
RCONN090,RC-O
RCONN091,RC-O
RCONN092,RC-O
RCONN093,RC-O
RCONN094,RC-O
RCONN095,RC-O
RCONN096,RC-O
RCONN097,RC-O
RCONN098,RC-O
RCONN099,RC-O
RCONN100,RC-O
RCONN101,RC-O
RCONN102,RC-O
RCONN103,RC-O
RCONN104,RC-O
RCONN105,RC-O
RCONN106,RC-O
RCONN107,RC-O
RCONN108,RC-O
RCONN109,RC-O
RCONN110,RC-O
RCONN111,RC-O
RCONN112,RC-O
RCONN113,RC-O
RCONN114,RC-O
RCONN115,RC-O
RCONN116,RC-O
RCONN117,RC-O
RCONN118,RC-O
RCONN119,RC-O
RCONN120,RC-O
RCONN121,RC-O
RCONN122,RC-O
RCONN123,RC-O
RCONN124,RC-O
RCONN125,RC-O
RCONN126,RC-O
RCONN127,RC-O
RCONN128,RC-O
RCONN177,RC-O
RCONN178,RC-O
RCONN179,RC-O
RCONN180,RC-O
RCONN181,RC-O
RCONN182,RC-O
RCONN183,RC-O
RCONN512,RC-M
RCONN514,RC-M
RCONN515,RC-M
RCONN516,RC-M
RCONN517,RC-M
RCONN518,RC-M
RCONN519,RC-M
RCONN520,RC-M
RCONN521,RC-M
RCONN522,RC-M
RCONN523,RC-M
RCONN524,RC-M
RCONN527,RC-M
RCONP752,RC-E
RCONP753,RC-E
RCONP754,RC-E
RCONP755,RC-E
RCONP756,RC-E
RCONP757,RC-E
RCONP758,RC-E
RCONP759,RC-E
RCONPR04,RC-C
RCONPR05,RC-C
RCONPR06,RC-C
RCONPU98,RC-B
RCONPU99,RC-B
RCONPV00,RC-B
RCONPV01,RC-B
RCONPV05,RC-C
RCONPV06,RC-C
RCONPV07,RC-C
RCONPV08,RC-C
RCONPV09,RC-C
RCONPV10,RC-L
RCONPV11,RC-L
RCONPV12,RC-L
RCONPV13,RC-L
RCONPV14,RC-L
RCONPV15,RC-L
RCONPV16,RC-L
RCONPV23,RC-N
RCONPV24,RC-N
RCONPV25,RC-N
RCONS396,RC-R-II
RCONS397,RC-R-II
RCONS398,RC-R-II
RCONS399,RC-R-II
RCONS400,RC-R-II
RCONS402,RC-R-II
RCONS403,RC-R-II
RCONS405,RC-R-II
RCONS406,RC-R-II
RCONS410,RC-R-II
RCONS411,RC-R-II
RCONS413,RC-R-II
RCONS414,RC-R-II
RCONS415,RC-R-II
RCONS416,RC-R-II
RCONS417,RC-R-II
RCONS419,RC-R-II
RCONS420,RC-R-II
RCONS421,RC-R-II
RCONS423,RC-R-II
RCONS424,RC-R-II
RCONS425,RC-R-II
RCONS426,RC-R-II
RCONS427,RC-R-II
RCONS428,RC-R-II
RCONS429,RC-R-II
RCONS431,RC-R-II
RCONS432,RC-R-II
RCONS433,RC-R-II
RCONS434,RC-R-II
RCONS435,RC-R-II
RCONS436,RC-R-II
RCONS437,RC-R-II
RCONS439,RC-R-II
RCONS440,RC-R-II
RCONS441,RC-R-II
RCONS442,RC-R-II
RCONS443,RC-R-II
RCONS445,RC-R-II
RCONS446,RC-R-II
RCONS447,RC-R-II
RCONS449,RC-R-II
RCONS450,RC-R-II
RCONS451,RC-R-II
RCONS452,RC-R-II
RCONS453,RC-R-II
RCONS454,RC-R-II
RCONS455,RC-R-II
RCONS457,RC-R-II
RCONS458,RC-R-II
RCONS459,RC-R-II
RCONS460,RC-R-II
RCONS461,RC-R-II
RCONS462,RC-R-II
RCONS463,RC-R-II
RCONS466,RC-R-II
RCONS467,RC-R-II
RCONS469,RC-R-II
RCONS470,RC-R-II
RCONS471,RC-R-II
RCONS475,RC-R-II
RCONS476,RC-R-II
RCONS477,RC-R-II
RCONS478,RC-R-II
RCONS479,RC-R-II
RCONS480,RC-R-II
RCONS481,RC-R-II
RCONS482,RC-R-II
RCONS483,RC-R-II
RCONS484,RC-R-II
RCONS485,RC-R-II
RCONS486,RC-R-II
RCONS487,RC-R-II
RCONS488,RC-R-II
RCONS489,RC-R-II
RCONS490,RC-R-II
RCONS491,RC-R-II
RCONS492,RC-R-II
RCONS493,RC-R-II
RCONS494,RC-R-II
RCONS495,RC-R-II
RCONS496,RC-R-II
RCONS497,RC-R-II
RCONS498,RC-R-II
RCONS499,RC-R-II
RCONS500,RC-R-II
RCONS503,RC-R-II
RCONS504,RC-R-II
RCONS505,RC-R-II
RCONS506,RC-R-II
RCONS507,RC-R-II
RCONS510,RC-R-II
RCONS511,RC-R-II
RCONS512,RC-R-II
RCONS513,RC-R-II
RCONS514,RC-R-II
RCONS515,RC-R-II
RCONS516,RC-R-II
RCONS517,RC-R-II
RCONS518,RC-R-II
RCONS519,RC-R-II
RCONS520,RC-R-II
RCONS521,RC-R-II
RCONS522,RC-R-II
RCONS523,RC-R-II
RCONS524,RC-R-II
RCONS525,RC-R-II
RCONS526,RC-R-II
RCONS527,RC-R-II
RCONS528,RC-R-II
RCONS529,RC-R-II
RCONS530,RC-R-II
RCONS531,RC-R-II
RCONS539,RC-R-II
RCONS540,RC-R-II
RCONS541,RC-R-II
RCONS542,RC-R-II
RCONS543,RC-R-II
RCONS544,RC-R-II
RCONS545,RC-R-II
RCONS546,RC-R-II
RCONS547,RC-R-II
RCONS548,RC-R-II
RCONS549,RC-R-II
RCONS550,RC-R-II
RCONS551,RC-R-II
RCONS552,RC-R-II
RCONS554,RC-R-II
RCONS555,RC-R-II
RCONS556,RC-R-II
RCONS557,RC-R-II
RCONS558,RC-R-II
RCONS559,RC-R-II
RCONS560,RC-R-II
RCONS561,RC-R-II
RCONS562,RC-R-II
RCONS563,RC-R-II
RCONS564,RC-R-II
RCONS565,RC-R-II
RCONS566,RC-R-II
RCONS567,RC-R-II
RCONS568,RC-R-II
RCONS569,RC-R-II
RCONS570,RC-R-II
RCONS571,RC-R-II
RCONS572,RC-R-II
RCONS573,RC-R-II
RCONS574,RC-R-II
RCONS575,RC-R-II
RCONS576,RC-R-II
RCONS577,RC-R-II
RCONS578,RC-R-II
RCONS579,RC-R-II
RCONS580,RC-R-II
RCONS581,RC-R-II
RCONS582,RC-R-II
RCONS583,RC-R-II
RCONS584,RC-R-II
RCONS585,RC-R-II
RCONS586,RC-R-II
RCONS587,RC-R-II
RCONS588,RC-R-II
RCONS589,RC-R-II
RCONS590,RC-R-II
RCONS591,RC-R-II
RCONS592,RC-R-II
RCONS593,RC-R-II
RCONS594,RC-R-II
RCONS595,RC-R-II
RCONS596,RC-R-II
RCONS597,RC-R-II
RCONS598,RC-R-II
RCONS599,RC-R-II
RCONS600,RC-R-II
RCONS601,RC-R-II
RCONS602,RC-R-II
RCONS603,RC-R-II
RCONS604,RC-R-II
RCONS605,RC-R-II
RCONS606,RC-R-II
RCONS607,RC-R-II
RCONS608,RC-R-II
RCONS609,RC-R-II
RCONS610,RC-R-II
RCONS611,RC-R-II
RCONS612,RC-R-II
RCONS613,RC-R-II
RCONS614,RC-R-II
RCONS615,RC-R-II
RCONS616,RC-R-II
RCONS617,RC-R-II
RCONS618,RC-R-II
RCONS619,RC-R-II
RCONS620,RC-R-II
RCONS621,RC-R-II
RCONS622,RC-R-II
RCONS623,RC-R-II
RCOW3792,RC-R-I
RCOW5310,RC-R-I
RCOW5311,RC-R-I
RCOW7205,RC-R-I
RCOW7206,RC-R-I
RCOWA223,RC-R-I
RCOWH312,RC-R-I
RCOWP793,RC-R-I
RCOWP870,RC-R-I
RIAD0093,RI
RIAD0497,RI-E
RIAD3123,RI-B
RIAD3196,RI
RIAD3210,RI-A
RIAD3217,RI-A
RIAD3521,RI
RIAD3584,RI-B
RIAD3585,RI-B
RIAD3588,RI-B
RIAD3589,RI-B
RIAD4010,RI
RIAD4012,RI
RIAD4020,RI
RIAD4024,RI
RIAD4042,RI-E
RIAD4056,RI
RIAD4058,RI
RIAD4059,RI
RIAD4060,RI
RIAD4065,RI
RIAD4069,RI
RIAD4070,RC-T
RIAD4073,RI
RIAD4074,RI
RIAD4079,RI
RIAD4080,RI
RIAD4092,RI
RIAD4093,RI
RIAD4107,RI
RIAD4115,RI
RIAD4135,RI
RIAD4136,RI-E
RIAD4141,RI-E
RIAD4146,RI-E
RIAD4150,RI
RIAD4172,RI
RIAD4180,RI
RIAD4185,RI
RIAD4200,RI
RIAD4217,RI
RIAD4230,RI
RIAD4266,RI-B
RIAD4267,RI-B
RIAD4300,RI
RIAD4301,RI
RIAD4302,RI
RIAD4313,RI
RIAD4320,RI
RIAD4340,RI
RIAD4356,RI-A
RIAD4415,RI-A
RIAD4435,RI
RIAD4436,RI
RIAD4460,RI-A
RIAD4461,RI-E
RIAD4462,RI-E
RIAD4463,RI-E
RIAD4464,RI-E
RIAD4467,RI-E
RIAD4468,RI-E
RIAD4469,RI-E
RIAD4470,RI-A
RIAD4481,RI-B
RIAD4482,RI-B
RIAD4486,RI-E
RIAD4487,RI-E
RIAD4488,RI-E
RIAD4489,RI-E
RIAD4491,RI-E
RIAD4498,RI-E
RIAD4499,RI-E
RIAD4507,RI
RIAD4508,RI
RIAD4513,RI
RIAD4518,RI
RIAD4521,RI-E
RIAD4522,RI-E
RIAD4605,RI-B
RIAD4608,RI-B
RIAD4617,RI-B
RIAD4618,RI-B
RIAD4627,RI-B
RIAD4628,RI-B
RIAD4635,RI-B
RIAD4638,RI-B
RIAD4643,RI-B
RIAD4644,RI-B
RIAD4645,RI-B
RIAD4646,RI-B
RIAD4652,RI-B
RIAD4653,RI-B
RIAD4654,RI-B
RIAD4655,RI-B
RIAD4662,RI-B
RIAD4663,RI-B
RIAD4664,RI-B
RIAD4665,RI-B
RIAD4769,RI-E
RIAD5409,RI-B
RIAD5410,RI-B
RIAD5411,RI-B
RIAD5412,RI-B
RIAD5415,RI
RIAD5416,RI
RIAD5523,RI-B
RIAD8403,RI-E
RIAD8431,RI
RIAD8757,RI
RIAD8758,RI
RIAD8759,RI
RIAD8760,RI
RIAD9106,RI
RIADA220,RI
RIADA251,RI
RIADA479,RC-T
RIADA480,RC-T
RIADA488,RC-T
RIADA491,RC-T
RIADA517,RI
RIADA518,RI
RIADA530,RI
RIADB485,RI
RIADB486,RI
RIADB487,RI
RIADB488,RI
RIADB489,RI
RIADB491,RI
RIADB492,RI
RIADB493,RI
RIADB496,RI
RIADB497,RI
RIADB507,RI-A
RIADB508,RI-A
RIADB509,RI-A
RIADB510,RI-A
RIADB511,RI-A
RIADB512,RI-B
RIADB513,RI-B
RIADB514,RI-B
RIADB515,RI-B
RIADB522,RI-B
RIADB526,RI-E
RIADB527,RI-E
RIADB747,RC-S
RIADB748,RC-S
RIADB749,RC-S
RIADB750,RC-S
RIADB751,RC-S
RIADB752,RC-S
RIADB753,RC-S
RIADB754,RC-S
RIADB755,RC-S
RIADB756,RC-S
RIADB757,RC-S
RIADB758,RC-S
RIADB759,RC-S
RIADB760,RC-S
RIADB770,RC-S
RIADB771,RC-S
RIADB772,RC-S
RIADB773,RC-S
RIADB774,RC-S
RIADB775,RC-S
RIADB904,RC-T
RIADB905,RC-T
RIADB906,RC-T
RIADB907,RC-T
RIADB909,RC-T
RIADB910,RC-T
RIADB911,RC-T
RIADB912,RC-T
RIADB947,RC-T
RIADB948,RC-T
RIADB949,RC-T
RIADB950,RC-T
RIADB951,RC-T
RIADB952,RC-T
RIADB953,RC-T
RIADB954,RC-T
RIADB955,RC-T
RIADB956,RC-T
RIADB957,RC-T
RIADB958,RC-T
RIADB959,RC-T
RIADB960,RC-T
RIADB961,RC-T
RIADC013,RI-E
RIADC014,RI-E
RIADC015,RI-E
RIADC016,RI-E
RIADC017,RI-E
RIADC018,RI-E
RIADC058,RC-T
RIADC079,RI-B
RIADC216,RI
RIADC217,RI-B
RIADC218,RI-B
RIADC232,RI
RIADC233,RI-B
RIADC234,RI-B
RIADC235,RI-B
RIADC386,RI
RIADC387,RI
RIADC388,RI-B
RIADC389,RI-B
RIADC390,RI-B
RIADC435,RI-B
RIADC781,RI-B
RIADC880,RI-B
RIADC886,RI
RIADC887,RI
RIADC888,RI
RIADC889,RI
RIADC890,RI
RIADC891,RI-B
RIADC892,RI-B
RIADC893,RI-B
RIADC894,RI-B
RIADC895,RI-B
RIADC896,RI-B
RIADC897,RI-B
RIADC898,RI-B
RIADC899,RI-D
RIADC900,RI-D
RIADC901,RI-D
RIADC902,RI-D
RIADC903,RI-D
RIADC904,RI-D
RIADC905,RI-D
RIADC906,RI-D
RIADC907,RI-D
RIADC908,RI-D
RIADC909,RI-D
RIADC910,RI-D
RIADC911,RI-D
RIADC913,RI-D
RIADC914,RI-D
RIADF184,RC-P
RIADF185,RI-B
RIADF186,RI
RIADF187,RI-B
RIADF188,RI-B
RIADF228,RI
RIADF229,RI-E
RIADF551,RI
RIADF552,RI
RIADF553,RI
RIADF554,RI
RIADF555,RI-E
RIADF556,RI-E
RIADF557,RI-E
RIADF558,RI-E
RIADF559,RI-E
RIADF560,RC-P
RIADFT28,RI
RIADFT29,RI-E
RIADFT30,RI-E
RIADFT31,RI-E
RIADFT32,RI-E
RIADFT36,RI
RIADFT37,RI
RIADFT38,RI
RIADFT39,RI
RIADFT40,RI
RIADG103,RI
RIADG104,RI
RIADG377,RC-C
RIADGW44,RI
RIADGW64,RI-D
RIADH032,RI
RIADH033,RI
RIADH034,RI
RIADH035,RI
RIADHK03,RI
RIADHK04,RI
RIADHT69,RI
RIADHT70,RI
RIADHT73,RI
RIADHT74,RI
RIADHT85,RC-P
RIADJ315,RC-T
RIADJ316,RC-T
RIADJ319,RI
RIADJ320,RI
RIADJ321,RI
RIADJ447,RI-E
RIADJA28,RI-D
RIADJH88,RI-B
RIADJH89,RI-B
RIADJH90,RI-B
RIADJH91,RI-B
RIADJH92,RI-B
RIADJH93,RI-B
RIADJH94,RI-B
RIADJH95,RI-B
RIADJH96,RI-B
RIADJH97,RI-B
RIADJH98,RI-B
RIADJH99,RI-B
RIADJJ00,RI-B
RIADJJ01,RI-B
RIADJJ02,RI-B
RIADJJ26,RI-E
RIADJJ27,RI-E
RIADJJ28,RI-E
RIADJJ33,RI
RIADK090,RI
RIADK094,RI
RIADK129,RI-B
RIADK133,RI-B
RIADK205,RI-B
RIADK206,RI-B
RIADKW02,RI-D
RIADKW17,RI-E
RIADMG93,RI-B
RIADMG94,RI-B
RIADT047,RI-E
RIADY923,RI-E
RIADY924,RI-E
