call_code,y9c_code,note
RCFD3200,BHCK4062,"Subordinated notes and debentures. The Y-9C line (BHCK4062) includes limited-life preferred stock; the Call line does not. Same balance-sheet slot."
RIAD4200,BHCK4397,"Interest on subordinated notes and debentures (Y-9C: and on mandatory convertible securities)."
RCFD2930,BHCK2750,"Other liabilities: the Y-9C carries the total under BHCK2750."
RCFDA590,BHCK6438,"Fair (market) value of mortgage servicing assets."
RIAD5416,BHCK8560,"Net gains (losses) on sales of loans."
RIAD5415,BHCK8561,"Net gains (losses) on other real estate owned."
RIAD4080,BHCK4483,"Service charges on deposit accounts (the Y-9C does not say 'in domestic offices')."
RIAD4470,BHCK4598,"Cash dividends declared on preferred stock (Y-9C: perpetual preferred)."
RIAD4481,BHCK4654,"Charge-offs on loans to depository institutions and acceptances of other banks."
RIAD4482,BHCK4664,"Recoveries on loans to depository institutions and acceptances of other banks."
RCFD3355,BHCK2635,"Quarterly average of other borrowed money."
RCFD2850,BHCK3190,"Other borrowed money (pre-1994 combined line)."
RCFD2164,BHCK5397,"Income earned but not collected (Y-9C 1992Q1-2000Q4; the Call's RCFD2164 is 'on loans'). Same era, same balance-sheet slot; the Y-9C item does not restrict to loans."
RCON3495,BHCK3495,"Nonaccrual loans secured by farmland. The Call Report collects this only for domestic offices (RCON); the FR Y-9C collects it CONSOLIDATED (BHCK, MDRM 1990-91 on), so on the holding-company panel this column is consolidated."
RCON5400,BHCK5400,"Nonaccrual loans secured by revolving 1-4 family (HELOC). The Call Report collects this only for domestic offices (RCON); the FR Y-9C collects it CONSOLIDATED (BHCK, MDRM 1990-91 on), so on the holding-company panel this column is consolidated."
RCON3501,BHCK3501,"Nonaccrual loans secured by multifamily. The Call Report collects this only for domestic offices (RCON); the FR Y-9C collects it CONSOLIDATED (BHCK, MDRM 1990-91 on), so on the holding-company panel this column is consolidated."
