schedule,variable_name,mdrm_code,mdrm_description,ambiguous_name,coverage,first_quarter,last_quarter,era_start,era_end,flow_type,config,verdict,rename_to,note
RC-N,pd30_tot_1406,RCFD1406,TOTAL LOANS AND LEASE FINANCING RECEIVABLES: PAST DUE 30-89 DAYS AND STILL ACCRUING,YES,0.3499,2001Q1,2025Q3,2001-03-31,,stock,rc_n_past_due.csv,ok,,"Deliberate code suffix: the reported total alone, kept published for reported-only use, mirroring na_tot_1403. The stitched series is pd30_tot."
RC-N,pd90_tot_1407,RCFD1407,TOTAL LOANS AND LEASE FINANCING RECEIVABLES: PAST DUE 90 DAYS OR MORE AND STILL ACCRUING,YES,0.8854,1985Q1,2025Q3,,,stock,rc_n_past_due.csv,ok,,"Deliberate code suffix: the reported total alone, kept published for reported-only use, mirroring na_tot_1403. The stitched series is pd90_tot."
RC-B,ac_afs_abs,RCFDC989,ASSET-BACKED SECURITIES: AVAILABLE-FOR-SALE AMORTIZED COST,,0.3461,2006Q1,2025Q3,2006-03-31,,stock,rc_b_securities.csv,ok,,"Maintainer 2026-09-20: names reviewed, fine."
RC-B,ac_afs_mutual_funds_9720,RCFDA510,AMORTIZED COST OF AVAILABLE-FOR-SALE INVESTMENTS IN MUTUAL FUNDS AND OTHER EQUITY SECURITIES WITH READILY DETERMINABLE FAIR VALUES,,0.4882,1997Q1,2020Q3,1997-03-31,2020-09-30,stock,rc_b_securities.csv,ok,,"Maintainer 2026-09-20: names reviewed, fine."
RC-B,ac_afs_oth_dom,RCFD1739,AMORTIZED COST OF OTHER AVAILABLE-FOR-SALE DOMESTIC DEBT SECURITIES,,0.5323,1994Q1,2025Q3,1994-03-31,,stock,rc_b_securities.csv,ok,,"Maintainer 2026-09-20: names reviewed, fine."
RC-B,ac_afs_oth_fgn,RCFD1744,AMORTIZED COST OF AVAILABLE-FOR-SALE OTHER FOREIGN DEBT SECURITIES,,0.5323,1994Q1,2025Q3,1994-03-31,,stock,rc_b_securities.csv,ok,,"Maintainer 2026-09-20: names reviewed, fine."
RC-B,ac_afs_states,RCFD8498,AMORTIZED COST OF AVAILABLE-FOR-SALE SECURITIES ISSUED BY STATES AND POLITICAL SUBDIVISIONS IN THE U.S.,,0.6606,1994Q1,2025Q3,1994-03-31,,stock,rc_b_securities.csv,ok,,"Maintainer 2026-09-20: names reviewed, fine."
RC-B,ac_afs_usagency_9418,RCFD1291,AMORTIZED COST OF AVAILABLE-FOR-SALE U.S. GOVERNMENT AGENCY AND CORPORATION OBLIGATIONS ISSUED BY U.S. GOVERNMENT AGENCIES (EXCLUDING MORTGAGE-BACKED SECURITIES,,0.5561,1994Q1,2018Q1,1994-03-31,2018-03-31,stock,rc_b_securities.csv,ok,,"Maintainer 2026-09-20: names reviewed, fine."
RC-B,ac_afs_usgse_9418,RCFD1297,AMORTIZED COST OF AVAILABLE-FOR-SALE U.S. GOVERNMENT AGENCY AND CORPORATION OBLIGATIONS ISSUED BY U.S. GOVERNMENT- SPONSORED AGENCIES (EXCLUDING MORTGAGE-BACKED,,0.5561,1994Q1,2018Q1,1994-03-31,2018-03-31,stock,rc_b_securities.csv,ok,,"Maintainer 2026-09-20: names reviewed, fine."
RC-B,ac_afs_ust,RCFD1286,AMORTIZED COST OF AVAILABLE-FOR-SALE U.S. TREASURY SECURITIES,,0.6606,1994Q1,2025Q3,1994-03-31,,stock,rc_b_securities.csv,ok,,"Maintainer 2026-09-20: names reviewed, fine."
RC-B,ac_htm_sold_or_transferred_ytd,RCFD1778,AMORTIZED COST OF HELD-TO-MATURITY SECURITIES SOLD OR TRANSFERRED TO AVAILABLE-FOR-SALE OR TRADING SECURITIES DURING THE CALENDAR YEAR-TO-DATE,,0.6086,1994Q1,2025Q3,1994-03-31,2025-06-30,stock,rc_b_securities.csv,ok,,"Maintainer 2026-09-20: names reviewed, fine."
RC-B,ac_structured_notes,RCFD8782,AMORTIZED COST OF STRUCTURED NOTES,,0.6288,1995Q1,2025Q3,1995-03-31,,stock,rc_b_securities.csv,ok,,"Maintainer 2026-09-20: names reviewed, fine."
RC-B,debtsec_mat_repr_lte1yr,RCFDA248,FIXED RATE AND FLOATING RATE DEBT SECURITIES WITH A REMAINING MATURITY OF ONE YEAR OR LESS,,0.5645,1996Q1,2025Q3,1996-03-31,,stock,rc_b_securities.csv,ok,,"Maintainer 2026-09-20: names reviewed, fine."
RC-B,pledged_sec,RCFD0416,PLEDGED SECURITIES,,0.9991,1985Q1,2025Q3,,,stock,rc_b_securities.csv,ok,,"Maintainer 2026-09-20: names reviewed, fine."
RC-C,amt_ln_agprod_100k_250k,RCON5587,AMOUNT CURRENTLY OUTSTANDING OF LOANS TO FINANCE AGRICULTURAL PRODUCTION AND OTHER LOANS TO FARMERS (IN DOMESTIC OFFICES) WITH ORIGINAL AMOUNTS OF MORE THAN $10,,0.2631,1993Q2,2025Q3,1993-06-30,,stock,rc_c_loans.csv,ok,,"Maintainer 2026-09-20: names reviewed, fine."
RC-C,amt_ln_agprod_250k_500k,RCON5589,AMOUNT CURRENTLY OUTSTANDING OF LOANS TO FINANCE AGRICULTURAL PRODUCTION AND OTHER LOANS TO FARMERS (IN DOMESTIC OFFICES) WITH ORIGINAL AMOUNTS OF MORE THAN $25,,0.2631,1993Q2,2025Q3,1993-06-30,,stock,rc_c_loans.csv,ok,,"Maintainer 2026-09-20: names reviewed, fine."
RC-C,amt_ln_agprod_lte100k,RCON5585,AMOUNT CURRENTLY OUTSTANDING OF LOANS TO FINANCE AGRICULTURAL PRODUCTION AND OTHER LOANS TO FARMERS (IN DOMESTIC OFFICES) WITH ORIGINAL AMOUNTS OF $100;000 OR L,,0.2631,1993Q2,2025Q3,1993-06-30,,stock,rc_c_loans.csv,ok,,"Maintainer 2026-09-20: names reviewed, fine."
RC-C,amt_ln_ci_100k_250k,RCON5573,AMOUNT CURRENTLY OUTSTANDING OF COMMERCIAL AND INDUSTRIAL LOANS TO U.S. ADDRESSEES (IN DOMESTIC OFFICES) WITH ORIGINAL AMOUNTS OF MORE THAN $100;000 THROUGH $25,,0.2986,1993Q2,2025Q3,1993-06-30,,stock,rc_c_loans.csv,ok,,"Maintainer 2026-09-20: names reviewed, fine."
RC-C,amt_ln_ci_250k_1m,RCON5575,AMOUNT CURRENTLY OUTSTANDING OF COMMERCIAL AND INDUSTRIAL LOANS TO U.S. ADDRESSEES (IN DOMESTIC OFFICES) WITH ORIGINAL AMOUNTS OF MORE THAN $250;000 THROUGH $1;,,0.2986,1993Q2,2025Q3,1993-06-30,,stock,rc_c_loans.csv,ok,,"Maintainer 2026-09-20: names reviewed, fine."
RC-C,amt_ln_ci_lte100k,RCON5571,AMOUNT CURRENTLY OUTSTANDING OF COMMERCIAL AND INDUSTRIAL LOANS TO U.S. ADDRESSEES (IN DOMESTIC OFFICES) WITH ORIGINAL AMOUNTS OF $100;000 OR LESS,,0.2986,1993Q2,2025Q3,1993-06-30,,stock,rc_c_loans.csv,ok,,"Maintainer 2026-09-20: names reviewed, fine."
RC-C,amt_ln_farmland_100k_250k,RCON5581,AMOUNT CURRENTLY OUTSTANDING OF LOANS SECURED BY FARMLAND (INCLUDING FARM RESIDENTIAL AND OTHER IMPROVEMENTS) (IN DOMESTIC OFFICES) WITH ORIGINAL AMOUNTS OF MOR,,0.2631,1993Q2,2025Q3,1993-06-30,,stock,rc_c_loans.csv,ok,,"Maintainer 2026-09-20: names reviewed, fine."
RC-C,amt_ln_farmland_250k_500k,RCON5583,AMOUNT CURRENTLY OUTSTANDING OF LOANS SECURED BY FARMLAND (INCLUDING FARM RESIDENTIAL AND OTHER IMPROVEMENTS) (IN DOMESTIC OFFICES) WITH ORIGINAL AMOUNTS OF MOR,,0.2631,1993Q2,2025Q3,1993-06-30,,stock,rc_c_loans.csv,ok,,"Maintainer 2026-09-20: names reviewed, fine."
RC-C,amt_ln_farmland_lte100k,RCON5579,AMOUNT CURRENTLY OUTSTANDING OF LOANS SECURED BY FARMLAND (INCLUDING FARM RESIDENTIAL AND OTHER IMPROVEMENTS) (IN DOMESTIC OFFICES) WITH ORIGINAL AMOUNTS OF $10,,0.2632,1993Q2,2025Q3,1993-06-30,,stock,rc_c_loans.csv,ok,,"Maintainer 2026-09-20: names reviewed, fine."
RC-C,amt_ln_nfnres_100k_250k,RCON5567,AMOUNT CURRENTLY OUTSTANDING OF LOANS SECURED BY NONFARM NONRESIDENTIAL PROPERTIES (IN DOMESTIC OFFICES) WITH ORIGINAL AMOUNTS OF MORE THAN $100;000 THROUGH $25,,0.2986,1993Q2,2025Q3,1993-06-30,,stock,rc_c_loans.csv,ok,,"Maintainer 2026-09-20: names reviewed, fine."
RC-C,amt_ln_nfnres_250k_1m,RCON5569,AMOUNT CURRENTLY OUTSTANDING OF LOANS SECURED BY NONFARM NONRESIDENTIAL PROPERTIES (IN DOMESTIC OFFICES) WITH ORIGINAL AMOUNTS OF MORE THAN $250;000 THROUGH $1;,,0.2986,1993Q2,2025Q3,1993-06-30,,stock,rc_c_loans.csv,ok,,"Maintainer 2026-09-20: names reviewed, fine."
RC-C,amt_ln_nfnres_lte100k,RCON5565,AMOUNT CURRENTLY OUTSTANDING OF LOANS SECURED BY NONFARM NONRESIDENTIAL PROPERTIES (IN DOMESTIC OFFICES) WITH ORIGINAL AMOUNTS OF $100;000 OR LESS,,0.2986,1993Q2,2025Q3,1993-06-30,,stock,rc_c_loans.csv,ok,,"Maintainer 2026-09-20: names reviewed, fine."
RC-C,credit_card_fees_finance_charges_outstanding,RCFDC391,OUTSTANDING CREDIT CARD FEES & FINANCE CHARGES,,0.0726,2003Q1,2025Q3,2003-03-31,2025-06-30,stock,rc_c_loans.csv,ok,,"Maintainer 2026-09-20: names reviewed, fine."
RC-C,lease_fin_recv_net,RCON2165,LEASE FINANCING RECEIVABLES (NET OF UNEARNED INCOME),,0.9991,1985Q1,2025Q3,,,stock,rc_c_loans.csv,ok,,"Maintainer 2026-09-20: names reviewed, fine."
RC-C,ln_closedend_negative_amortization,RCONF230,TOTAL CARRYING AMOUNT OF CLOSED-END LOANS WITH NEGATIVE AMORTIZATION FEATURES SECURE BY 1-4 FAMILY RESIDENTIAL PROPERTIES,,0.2716,2007Q1,2025Q3,2007-03-31,2025-06-30,stock,rc_c_loans.csv,ok,,"Maintainer 2026-09-20: names reviewed, fine."
RC-C,ln_condev_interest_reserve,RCONG376,CONSTRUCTION; LAND DEVELOPMENT; AND OTHER LAND LOANS IN DOMESTIC OFFICES WITH INTEREST RESERVES: AMOUNT OF LOANS THAT PROVIDE FOR THE USE OF INTEREST RESERVES (,,0.0672,2009Q2,2025Q3,2009-06-30,,stock,rc_c_loans.csv,ok,,"Maintainer 2026-09-20: names reviewed, fine."
RC-C,ln_famres_first_adjrate,RCON5370,ADJUSTABLE RATE CLOSED-END LOANS SECURED BY FIRST LIENS ON 1-4 FAMILY RESIDENTIAL PROPERTIES,,0.7178,1991Q1,2025Q3,1991-03-31,,stock,rc_c_loans.csv,ok,,"Maintainer 2026-09-20: names reviewed, fine."
RC-C,ln_famres_heloc_converted_to_term,RCONLE75,Revolving; open-end lines of credit secured by 1-4 family residential properties that have converted to non-revolving closed-end status that are included in ite,,0.0385,2021Q1,2025Q3,2021-03-31,,stock,rc_c_loans.csv,ok,,"Maintainer 2026-09-20: names reviewed, fine."
RC-C,ln_famres_in_foreclosure,RCONF577,LOANS SECURED BY 1-4 FAMILY RESIDENTIAL PROPERTIES IN DOMESTIC OFFICES IN PROCESS OF FORECLOSURE (INCLUDED IN RC-C; PART I; ITEMS 1.C.(1); 1.C.(2)(A); AND 1.C.(,,0.3014,2008Q1,2025Q3,2008-03-31,,stock,rc_c_loans.csv,ok,,"Maintainer 2026-09-20: names reviewed, fine."
RC-C,ln_finance_cre_constr,RCFD2746,LOANS TO FINANCE COMMERCIAL REAL ESTATE; CONSTRUCTION; AND LAND DEVELOPMENT ACTIVITIES INCLUDED IN ITEMS 1766; 1563 FOR (FR Y-9C); IN ITEMS 1766; 1563 FOR (FFIE,,0.7633,1991Q1,2025Q3,1991-03-31,,stock,rc_c_loans.csv,ok,,"Maintainer 2026-09-20: names reviewed, fine."
RC-C,ln_forgovt,RCFD2081,LOANS TO FOREIGN GOVERNMENTS AND OFFICIAL INSTITUTIONS,,0.4845,1985Q1,2025Q3,,,stock,rc_c_loans.csv,ok,,"Maintainer 2026-09-20: names reviewed, fine."
RC-C,ln_nondep_fin_inst,RCFDJ454,LOANS TO NONDEPOSITORY FINANCIAL INSTITUTIONS AND OTHER LOANS: LOANS TO NONDEPOSITORY FINANCIAL INSTITUTIONS,,0.2588,2010Q1,2025Q3,2010-03-31,,stock,rc_c_loans.csv,ok,,"Maintainer 2026-09-20: names reviewed, fine."
RC-C,ln_pledged,RCFDG378,PLEDGED LOANS AND LEASES,,0.2744,2009Q2,2025Q3,2009-06-30,,stock,rc_c_loans.csv,ok,,"Maintainer 2026-09-20: names reviewed, fine."
RC-C,ln_statelocal_oblig,RCFD2107,OBLIGATIONS (OTHER THAN SECURITIES AND LEASES) OF STATES AND POLITICAL SUBDIVISIONS IN THE U.S.,,0.9991,1985Q1,2025Q3,,,stock,rc_c_loans.csv,ok,,"Maintainer 2026-09-20: names reviewed, fine."
RC-C,n_ln_agprod_100k_250k,RCON5586,NUMBER OF LOANS TO FINANCE AGRICULTURAL PRODUCTION AND OTHER LOANS TO FARMERS (IN DOMESTIC OFFICES) WITH ORIGINAL AMOUNTS OF MORE THAN $100;000 THROUGH $250;000,,0.2631,1993Q2,2025Q3,1993-06-30,,count,rc_c_loans.csv,ok,,"Maintainer 2026-09-20: names reviewed, fine."
RC-C,n_ln_agprod_250k_500k,RCON5588,NUMBER OF LOANS TO FINANCE AGRICULTURAL PRODUCTION AND OTHER LOANS TO FARMERS (IN DOMESTIC OFFICES) WITH ORIGINAL AMOUNTS OF MORE THAN $250;000 THROUGH $500;000,,0.2631,1993Q2,2025Q3,1993-06-30,,count,rc_c_loans.csv,ok,,"Maintainer 2026-09-20: names reviewed, fine."
RC-C,n_ln_agprod_lte100k,RCON5584,NUMBER OF LOANS TO FINANCE AGRICULTURAL PRODUCTION AND OTHER LOANS TO FARMERS (IN DOMESTIC OFFICES) WITH ORIGINAL AMOUNTS OF $100;000 OR LESS,,0.2631,1993Q2,2025Q3,1993-06-30,,count,rc_c_loans.csv,ok,,"Maintainer 2026-09-20: names reviewed, fine."
RC-C,n_ln_ci_100k_250k,RCON5572,NUMBER OF COMMERCIAL AND INDUSTRIAL LOANS TO U.S. ADDRESSEES (IN DOMESTIC OFFICES) WITH ORIGINAL AMOUNTS OF MORE THAN $100;000 THROUGH $250;000,,0.2986,1993Q2,2025Q3,1993-06-30,,count,rc_c_loans.csv,ok,,"Maintainer 2026-09-20: names reviewed, fine."
RC-C,n_ln_ci_250k_1m,RCON5574,NUMBER OF COMMERCIAL AND INDUSTRIAL LOANS TO U.S. ADDRESSEES (IN DOMESTIC OFFICES) WITH ORIGINAL AMOUNTS OF MORE THAN $250;000 THROUGH $1;000;000,,0.2986,1993Q2,2025Q3,1993-06-30,,count,rc_c_loans.csv,ok,,"Maintainer 2026-09-20: names reviewed, fine."
RC-C,n_ln_ci_lte100k,RCON5570,NUMBER OF COMMERCIAL AND INDUSTRIAL LOANS TO U.S. ADDRESSEES (IN DOMESTIC OFFICES) WITH ORIGINAL AMOUNTS OF $100;000 OR LESS,,0.2986,1993Q2,2025Q3,1993-06-30,,count,rc_c_loans.csv,ok,,"Maintainer 2026-09-20: names reviewed, fine."
RC-C,n_ln_farmland_100k_250k,RCON5580,NUMBER OF LOANS SECURED BY FARMLAND (INCLUDING FARM RESIDENTIAL AND OTHER IMPROVEMENTS) (IN DOMESTIC OFFICES) WITH ORIGINAL AMOUNTS OF MORE THAN $100;000 THROUG,,0.2632,1993Q2,2025Q3,1993-06-30,,count,rc_c_loans.csv,ok,,"Maintainer 2026-09-20: names reviewed, fine."
RC-C,n_ln_farmland_250k_500k,RCON5582,NUMBER OF LOANS SECURED BY FARMLAND (INCLUDING FARM RESIDENTIAL AND OTHER IMPROVEMENTS) (IN DOMESTIC OFFICES) WITH ORIGINAL AMOUNTS OF MORE THAN $250;000 THROUG,,0.2632,1993Q2,2025Q3,1993-06-30,,count,rc_c_loans.csv,ok,,"Maintainer 2026-09-20: names reviewed, fine."
RC-C,n_ln_farmland_lte100k,RCON5578,NUMBER OF LOANS SECURED BY FARMLAND (INCLUDING FARM RESIDENTIAL AND OTHER IMPROVEMENTS) (IN DOMESTIC OFFICES) WITH ORIGINAL AMOUNTS OF $100;000 OR LESS,,0.2632,1993Q2,2025Q3,1993-06-30,,count,rc_c_loans.csv,ok,,"Maintainer 2026-09-20: names reviewed, fine."
RC-C,n_ln_nfnres_100k_250k,RCON5566,NUMBER OF LOANS SECURED BY NONFARM NONRESIDENTIAL PROPERTIES (IN DOMESTIC OFFICES) WITH ORIGINAL AMOUNTS OF MORE THAN $100;000 THROUGH $250;000,,0.2986,1993Q2,2025Q3,1993-06-30,,count,rc_c_loans.csv,ok,,"Maintainer 2026-09-20: names reviewed, fine."
RC-C,n_ln_nfnres_250k_1m,RCON5568,NUMBER OF LOANS SECURED BY NONFARM NONRESIDENTIAL PROPERTIES (IN DOMESTIC OFFICES) WITH ORIGINAL AMOUNTS OF MORE THAN $250;000 THROUGH $1;000;000,,0.2986,1993Q2,2025Q3,1993-06-30,,count,rc_c_loans.csv,ok,,"Maintainer 2026-09-20: names reviewed, fine."
RC-C,n_ln_nfnres_lte100k,RCON5564,NUMBER OF LOANS SECURED BY NONFARM NONRESIDENTIAL PROPERTIES (IN DOMESTIC OFFICES) WITH ORIGINAL AMOUNTS OF $100;000 OR LESS,,0.2986,1993Q2,2025Q3,1993-06-30,,count,rc_c_loans.csv,ok,,"Maintainer 2026-09-20: names reviewed, fine."
RC-C,unearned_income_ln,RCFD2123,UNEARNED INCOME ON LOANS,,0.9999,1985Q1,2025Q3,,,stock,rc_c_loans.csv,ok,,"Maintainer 2026-09-20: names reviewed, fine."
RC-C,upb_ln_ci_fv,RCFDF597,UNPAID PRINCIPAL BALANCE OF COMMERICIAL AND INDUSTRIAL LOANS MEASURED AT FAIR VALUE:,,0.0422,2008Q1,2025Q3,2008-03-31,,stock,rc_c_loans.csv,ok,,"Maintainer 2026-09-20: names reviewed, fine."
RC-C,upb_ln_oth_fv,RCFDF601,UNPAID PRINCIPAL BALANCE OF OTHER LOANS,,0.0423,2008Q1,2025Q3,2008-03-31,,stock,rc_c_loans.csv,ok,,"Maintainer 2026-09-20: names reviewed, fine."
RC-D,trad_abs_0810,RCFDF643,TRADING ASSETS: ASSET-BACKED SECURITIES: CREDIT CARD RECEIVABLES,,0.0013,2008Q1,2025Q3,2008-03-31,2010-12-31,stock,rc_d_trading.csv,ok,,"Maintainer 2026-09-20: names reviewed, fine."
RC-D,trad_liab_oth,RCFDF624,OTHER TRADING LIABILITIES,,0.0091,2008Q1,2025Q3,2008-03-31,,stock,rc_d_trading.csv,ok,,"Maintainer 2026-09-20: names reviewed, fine."
RC-D,trad_liab_short_positions,RCFD3546,LIABILITY FOR SHORT POSITIONS,,0.1277,1994Q1,2025Q3,,,stock,rc_d_trading.csv,ok,,"Maintainer 2026-09-20: names reviewed, fine."
RC-D,trad_ln_ci,RCFDF614,TRADING ASSETS - COMMERCIAL AND INDUSTRIAL LOANS,,0.0091,2008Q1,2025Q3,2008-03-31,,stock,rc_d_trading.csv,ok,,"Maintainer 2026-09-20: names reviewed, fine."
RC-D,trad_ln_indiv_a_0818,RCFDF615,TRADING ASSETS - LOANS TO INDIVIDUALS FOR HOUSEHOLD; FAMILY; AND OTHER PERSONAL EXPENDITURES - CREDIT CARD,,0.0052,2008Q1,2018Q1,2008-03-31,2018-03-31,stock,rc_d_trading.csv,ok,,"Maintainer 2026-09-20: names reviewed, fine."
RC-D,trad_ln_indiv_b_0818,RCFDF616,TRADING ASSETS - LOANS TO INDIVIDUALS FOR HOUSEHOLD; FAMILY; AND OTHER PERSONAL EXPENDITURES - OTHER REVOLVING CREDIT PLANS,,0.0052,2008Q1,2018Q1,2008-03-31,2018-03-31,stock,rc_d_trading.csv,ok,,"Maintainer 2026-09-20: names reviewed, fine."
RC-D,trad_ln_oth,RCFDF618,TRADING ASSETS - OTHER LOANS,,0.0091,2008Q1,2025Q3,2008-03-31,,stock,rc_d_trading.csv,ok,,"Maintainer 2026-09-20: names reviewed, fine."
RC-D,trad_ln_re_0818,RCFDF610,TRADING ASSETS - LOANS SECURED BY REAL ESTATE,,0.0028,2008Q1,2018Q1,2008-03-31,2018-03-31,stock,rc_d_trading.csv,ok,,"Maintainer 2026-09-20: names reviewed, fine."
RC-D,trad_oth_dom_off,RCFD3541,OTHER TRADING ASSETS (IN DOMESTIC OFFICES),,0.1277,1994Q1,2025Q3,,,stock,rc_d_trading.csv,ok,,"Maintainer 2026-09-20: names reviewed, fine."
RC-D,trad_revaluation_gains,RCFD3543,REVALUATION GAINS ON INTEREST RATE; FOREIGN EXCHANGE RATE; AND OTHER COMMODITY AND EQUITY CONTRACTS,,0.1708,1994Q1,2025Q3,,,stock,rc_d_trading.csv,ok,,"Maintainer 2026-09-20: names reviewed, fine."
RC-D,trad_revaluation_losses,RCFD3547,REVALUATION LOSSES ON INTEREST RATE; FOREIGN EXCHANGE RATE; AND OTHER COMMODITY AND EQUITY CONTRACTS,,0.1743,1994Q1,2025Q3,,,stock,rc_d_trading.csv,ok,,"Maintainer 2026-09-20: names reviewed, fine."
RC-D,trad_states,RCFD3533,TRADING ASSETS - SECURITIES ISSUED BY STATES AND POLITICAL SUBDIVISIONS IN THE U.S.,,0.1277,1994Q1,2025Q3,,,stock,rc_d_trading.csv,ok,,"Maintainer 2026-09-20: names reviewed, fine."
RC-D,trad_upb_ln_0818,RCFDF632,UNPAID PRINCIPAL BALANCES OF LOANS MEASURED AT FAIR VALUE - COMMERCIAL AND INDUSTRIAL LOANS,,0.0091,2008Q1,2025Q3,2008-03-31,,stock,rc_d_trading.csv,ok,,"Maintainer 2026-09-20: names reviewed, fine."
RC-D,trad_upb_ln_oth,RCFDF636,UNPAID PRINCIPAL BALANCES OF LOANS MEASURED AT FAIR VALUE - OTHER LOANS,,0.0091,2008Q1,2025Q3,2008-03-31,,stock,rc_d_trading.csv,ok,,"Maintainer 2026-09-20: names reviewed, fine."
RC-D,trad_usagency,RCFD3532,TRADING ASSETS - U.S. GOVERNMENT AGENCY AND CORPORATION OBLIGATIONS,,0.1277,1994Q1,2025Q3,,,stock,rc_d_trading.csv,ok,,"Maintainer 2026-09-20: names reviewed, fine."
RC-D,trad_ust,RCFD3531,TRADING ASSETS - U.S. TREASURY SECURITIES,,0.1277,1994Q1,2025Q3,,,stock,rc_d_trading.csv,ok,,"Maintainer 2026-09-20: names reviewed, fine."
RC-E,brokered_dep_100k_250k_mat_lte1yr_1116,RCONK219,BROKERED DEPOSITS OF $100;000 THROUGH $250;000 WITH A REMAINING MATURITY OF ONE YEAR OR LESS,,0.1137,2011Q1,2016Q4,2011-03-31,2016-12-31,stock,rc_e_deposits.csv,ok,,"Maintainer 2026-09-20: names reviewed, fine."
RC-E,brokered_dep_gt250k_mat_lte1yr,RCONK220,BROKERED DEPOSITS OF MORE THAN $250;000 WITH A REMAINING MATURITY OF ONE YEAR OR LESS,,0.2386,2011Q1,2025Q3,2011-03-31,,stock,rc_e_deposits.csv,ok,,"Maintainer 2026-09-20: names reviewed, fine."
RC-E,brokered_dep_gte100k_mat_lte1yr_9610,RCONA244,BROKERED DEPOSITS ISSUED IN DENOMINATIONS OF $100;000 OR MORE WITH A REMAINING MATURITY OF ONE YEAR OR LESS,,0.3599,1996Q1,2010Q4,1996-03-31,2010-12-31,stock,rc_e_deposits.csv,ok,,"Maintainer 2026-09-20: names reviewed, fine."
RC-E,brokered_dep_lt100k_mat_lte1yr_9716,RCONA243,BROKERED DEPOSITS ISSUED IN DENOMINATIONS OF LESS THAN $100;000 WITH A REMAINING MATURITY OF ONE YEAR OR LESS,,0.4736,1996Q1,2016Q4,1996-03-31,2016-12-31,stock,rc_e_deposits.csv,ok,,"Maintainer 2026-09-20: names reviewed, fine."
RC-E,brokered_dep_lte250k_mat_lte1yr,RCONHK06,SELECTED COMPONENTS OF TOTAL DEPOSITS; BROKERED DEPOSITS OF 250000 OR LESS WITH A REMAINING MATURITY OF ONE YEAR OR LESS,,0.1249,2017Q1,2025Q3,2017-03-31,,stock,rc_e_deposits.csv,ok,,"Maintainer 2026-09-20: names reviewed, fine."
RC-E,demand_dep_tot,RCON2210,TOTAL DEMAND DEPOSITS (SEE NOTE BELOW),,1.0,1985Q1,2025Q3,,,stock,rc_e_deposits.csv,ok,,"Maintainer 2026-09-20: names reviewed, fine."
RC-E,dep_forgovt_nontrans,RCON2377,TOTAL NONTRANSACTION ACCOUNTS - DEPOSITS OF FOREIGN GOVERNMENTS AND OFFICIAL INSTITUTIONS,,0.6075,1985Q1,2025Q3,,,stock,rc_e_deposits.csv,ok,,"Maintainer 2026-09-20: names reviewed, fine."
RC-E,dep_forgovt_trans,RCON2216,TOTAL TRANSACTION ACCOUNTS - DEPOSITS OF FOREIGN GOVERNMENTS AND OFFICIAL INSTITUTIONS,,0.6075,1985Q1,2025Q3,,,stock,rc_e_deposits.csv,ok,,"Maintainer 2026-09-20: names reviewed, fine."
RC-E,dep_statelocal_nontrans,RCON2530,TOTAL NONTRANSACTION ACCOUNTS OF STATES AND POLITICAL SUBDIVISIONS IN THE U.S.,,0.9953,1985Q1,2025Q3,,,stock,rc_e_deposits.csv,ok,,"Maintainer 2026-09-20: names reviewed, fine."
RC-E,dep_statelocal_trans,RCON2203,TOTAL TRANSACTION ACCOUNTS - DEPOSITS OF STATES AND POLITICAL SUBDIVISIONS IN THE U.S.,,0.9953,1985Q1,2025Q3,,,stock,rc_e_deposits.csv,ok,,"Maintainer 2026-09-20: names reviewed, fine."
RC-E,dep_tot_dom,RCON2200,TOTAL DEPOSITS,,1.0,1985Q1,2025Q3,,,stock,rc_e_deposits.csv,ok,,"Maintainer 2026-09-20: names reviewed, fine."
RC-E,dep_usgovt_nontrans,RCON2520,TOTAL NONTRANSACTION ACCOUNTS OF UNITED STATES GOVERNMENT,,0.9953,1985Q1,2025Q3,,,stock,rc_e_deposits.csv,ok,,"Maintainer 2026-09-20: names reviewed, fine."
RC-E,dep_usgovt_trans,RCON2202,TOTAL TRANSACTION ACCOUNTS - DEPOSITS OF U.S. GOVERNMENT,,0.9953,1985Q1,2025Q3,,,stock,rc_e_deposits.csv,ok,,"Maintainer 2026-09-20: names reviewed, fine."
RC-E,offers_consumer_dep_products,RCONP752,DOES YOUR INSTITUTION OFFER ONE OR MORE CONSUMER DEPOSIT ACCOUNT I.E. TRANSACTION ACCOUNT OR NONTRANSACTION SAVINGS ACCOUNT DEPOSIT PRODUCTS INTENDED PRIMARILY ,,0.1463,2014Q1,2025Q3,2014-03-31,,flag,rc_e_deposits.csv,ok,,"Maintainer 2026-09-20: names reviewed, fine."
RC-E,preferred_dep,RCON5590,PREFERRED DEPOSITS,,0.2839,1993Q1,2025Q3,1993-03-31,2024-12-31,stock,rc_e_deposits.csv,ok,,"Maintainer 2026-09-20: names reviewed, fine."
RC-E,reciprocal_dep_jun2018,RCONJH84,Total reciprocal deposits as of June 30; 2018,,0.0039,2018Q3,2018Q3,2018-09-30,2018-09-30,stock,rc_e_deposits.csv,ok,,"Maintainer 2026-09-20: names reviewed, fine."
RC-E,sweep_dep_affiliate_insured,RCONMT87,Sweep deposits: Fully insured; affiliate sweep deposits,,0.034,2021Q3,2025Q3,2021-09-30,,stock,rc_e_deposits.csv,ok,,"Maintainer 2026-09-20: names reviewed, fine."
RC-E,sweep_dep_affiliate_uninsured,RCONMT89,Sweep deposits: Not fully insured; affiliate sweep deposits,,0.034,2021Q3,2025Q3,2021-09-30,,stock,rc_e_deposits.csv,ok,,"Maintainer 2026-09-20: names reviewed, fine."
RC-E,sweep_dep_nonaffiliate_insured,RCONMT91,Sweep deposits: Fully insured; non-affiliate sweep deposits,,0.034,2021Q3,2025Q3,2021-09-30,,stock,rc_e_deposits.csv,ok,,"Maintainer 2026-09-20: names reviewed, fine."
RC-E,sweep_dep_nonaffiliate_uninsured,RCONMT93,Sweep deposits: Not fully insured; non-affiliate sweep deposits,,0.034,2021Q3,2025Q3,2021-09-30,,stock,rc_e_deposits.csv,ok,,"Maintainer 2026-09-20: names reviewed, fine."
RC-E,sweep_dep_not_brokered_tot,RCONMT95,Total sweep deposits that are not brokered deposits,,0.034,2021Q3,2025Q3,2021-09-30,,stock,rc_e_deposits.csv,ok,,"Maintainer 2026-09-20: names reviewed, fine."
RC-E,time_dep_100k_250k_mat_lte1yr_1116,RCONK221,TIME DEPOSITS OF $100;000 THROUGH $250;000 WITH A REMAINING MATURITY OF ONE OR YEAR LESS,,0.1137,2011Q1,2016Q4,2011-03-31,2016-12-31,stock,rc_e_deposits.csv,ok,,"Maintainer 2026-09-20: names reviewed, fine."
RC-E,time_dep_gt250k_mat_lte1yr,RCONK222,TIME DEPOSITS OF MORE THAN $250;000 WITH A REMAINING MATURITY OF ONE OR YEAR LESS,,0.2386,2011Q1,2025Q3,2011-03-31,,stock,rc_e_deposits.csv,ok,,"Maintainer 2026-09-20: names reviewed, fine."
RC-E,time_dep_lt100k_mat_lte1yr_9716,RCONA241,FIXED RATE AND FLOATING RATE TIME DEPOSITS OF LESS THAN $100;000 WITH A REMAINING MATURITY OF ONE YEAR OR LESS,,0.4396,1996Q1,2016Q4,1996-03-31,2016-12-31,stock,rc_e_deposits.csv,ok,,"Maintainer 2026-09-20: names reviewed, fine."
RC-E,time_dep_lte250k_mat_lte1yr,RCONHK11,TIME DEPOSITS OF 250000 OR LESS WITH A REMAINING MATURITY OF ONE YEAR OR LESS,,0.1249,2017Q1,2025Q3,2017-03-31,,stock,rc_e_deposits.csv,ok,,"Maintainer 2026-09-20: names reviewed, fine."
RC-K,qavg_ffpurch_repo,RCFD3353,QUARTERLY AVERAGE OF FEDERAL FUNDS PURCHASED AND SECURITIES SOLD UNDER AGREEMENTS TO REPURCHASE,,1.0,1985Q1,2025Q3,,,stock,rc_k_quarterly_avg.csv,ok,,"Maintainer 2026-09-20: names reviewed, fine."
RC-K,qavg_ffsold_resell,RCFD3365,QUARTERLY AVERAGE OF FEDERAL FUNDS SOLD AND SECURITIES PURCHASED UNDER AGREEMENTS TO RESELL,,0.9991,1985Q1,2025Q3,,,stock,rc_k_quarterly_avg.csv,ok,,"Maintainer 2026-09-20: names reviewed, fine."
RC-K,qavg_ibb,RCFD3381,QUARTERLY AVERAGE OF INTEREST-BEARING BALANCES DUE FROM DEPOSITORY INSTITUTIONS,,0.9991,1985Q1,2025Q3,,,stock,rc_k_quarterly_avg.csv,ok,,"Maintainer 2026-09-20: names reviewed, fine."
RC-K,qavg_ln_indiv_cc,RCONB561,LOANS TO INDIVIDUALS FOR HOUSEHOLD; FAMILY; AND OTHER PERSONAL EXPENDITURES: CREDIT CARDS,,0.4602,2001Q1,2025Q3,2001-03-31,,stock,rc_k_quarterly_avg.csv,ok,,"Maintainer 2026-09-20: names reviewed, fine."
RC-K,qavg_ln_indiv_oth,RCONB562,LOANS TO INDIVIDUALS FOR HOUSEHOLD; FAMILY; AND OTHER PERSONAL EXPENDITURES: OTHER,,0.4602,2001Q1,2025Q3,2001-03-31,,stock,rc_k_quarterly_avg.csv,ok,,"Maintainer 2026-09-20: names reviewed, fine."
RC-K,qavg_othbor,RCFD3355,QUARTERLY AVERAGE OF OTHER BORROWED MONEY,,0.4439,1985Q1,2025Q3,,,stock,rc_k_quarterly_avg.csv,ok,,"Maintainer 2026-09-20: names reviewed, fine."
RC-K,qavg_sec_mbs,RCFDB559,MORTGAGE-BACKED SECURITIES,,0.4636,2001Q1,2025Q3,2001-03-31,,stock,rc_k_quarterly_avg.csv,ok,,"Maintainer 2026-09-20: names reviewed, fine."
RC-K,qavg_sec_oth,RCFDB560,ALL OTHER SECURITIES,,0.4636,2001Q1,2025Q3,2001-03-31,,stock,rc_k_quarterly_avg.csv,ok,,"Maintainer 2026-09-20: names reviewed, fine."
RC-K,qavg_sec_ust_agency,RCFDB558,U.S. TREASURY SECURITIES AND U.S. GOVERNMENT AGENCY OBLIGATIONS (EXCLUDING MORTGAGE-BACKED SECURITIES),,0.4636,2001Q1,2025Q3,2001-03-31,,stock,rc_k_quarterly_avg.csv,ok,,"Maintainer 2026-09-20: names reviewed, fine."
RC-K,qavg_trading_assets,RCFD3401,QUARTERLY AVERAGE OF ASSETS HELD IN TRADING ACCOUNTS,,0.3609,1985Q1,2025Q3,,,stock,rc_k_quarterly_avg.csv,ok,,"Maintainer 2026-09-20: names reviewed, fine."
RC-N,na_agprod_modified,RCFDK140,ITEMIZE LOAN MODIFICATIONS TO BORROWERS EXPERIENCING FINANCIAL DIFFICULTY TO FINANCE AGRICULTURAL PRODUCTION AND OTHER LOANS TO FARMERS INCLUDED IN ALL OTHER LO,,0.1326,2011Q1,2025Q3,2011-03-31,,stock,rc_n_past_due.csv,ok,,"Maintainer 2026-09-20: names reviewed, fine."
RC-N,na_auto_lossshare,RCFDK083,LOANS AND LEASES COVERED BY LOSS SHARING AGREEMENTS WITH THE FDIC: LOANS TO INDIVIDUAL FOR HOUSEHOLD; FAMILY; PERSONAL EXPENDITURES: AUTOMOBILE LOANS :NONACCRUA,,0.1137,2011Q1,2016Q4,2011-03-31,2016-12-31,stock,rc_n_past_due.csv,ok,,"Maintainer 2026-09-20: names reviewed, fine."
RC-N,na_auto_modified,RCFDK279,ITEMIZE LOAN MODIFICATIONS TO BORROWERS EXPERIENCING FINANCIAL DIFFICULTY AUTOMOBILE LOANS TO INDIVIDUALS FOR HOUSEHOLD; FAMILY; AND OTHER PERSONAL EXPENDITURES,,0.2059,2011Q1,2025Q3,2011-03-31,,stock,rc_n_past_due.csv,ok,,"Maintainer 2026-09-20: names reviewed, fine."
RC-N,na_cc_lossshare,RCFDK080,LOANS AND LEASES COVERED BY LOSS SHARING AGREEMENTS WITH THE FDIC: LOANS TO INDIVIDUAL FOR HOUSEHOLD; FAMILY; PERSONAL EXPENDITURES: CREDIT CARDS: NONACCRUAL,,0.1137,2011Q1,2016Q4,2011-03-31,2016-12-31,stock,rc_n_past_due.csv,ok,,"Maintainer 2026-09-20: names reviewed, fine."
RC-N,na_cc_modified,RCFDK282,ITEMIZE LOAN MODIFICATIONS TO BORROWERS EXPERIENCING FINANCIAL DIFFICULTY OTHER CONSUMER (INCLUDES SINGLE PAYMENT; INSTALLMENT; ALL STUDENT LOANS; AND REVOLVING,,0.2059,2011Q1,2025Q3,2011-03-31,,stock,rc_n_past_due.csv,ok,,"Maintainer 2026-09-20: names reviewed, fine."
RC-N,na_ci_lossshare,RCFDK077,LOANS AND LEASES COVERED BY LOSS SHARING AGREEMENTS WITH THE FDIC: COMMERCIAL AND INDUSTRIAL LOANS - NONACCRUAL,,0.1137,2011Q1,2016Q4,2011-03-31,2016-12-31,stock,rc_n_past_due.csv,ok,,"Maintainer 2026-09-20: names reviewed, fine."
RC-N,na_ci_modified,RCONK259,LOAN MODIFICATIONS TO BORROWERS EXPERIENCING FINANCIAL DIFFICULTY: COMMERCIAL AND INDUSTRIAL LOANS - NONACCRUAL,,0.2024,2011Q1,2025Q3,2011-03-31,,stock,rc_n_past_due.csv,ok,,"Maintainer 2026-09-20: names reviewed, fine."
RC-N,na_constr_oth_modified,RCONK110,LOAN MODIFICATIONS TO BORROWERS EXPERIENCING FINANCIAL DIFFICULTY OTHER CONSTRUCTION LOANS AND ALL LAND DEVELOPMENT AND OTHER LAND LOANS-NONACCRUAL,,0.2059,2011Q1,2025Q3,2011-03-31,,stock,rc_n_past_due.csv,ok,,"Maintainer 2026-09-20: names reviewed, fine."
RC-N,na_constr_res14_lossshare,RCONK047,LOANS AND LEASES COVERED BY LOSS SHARING AGREEMENTS WITH THE FDIC: LOANS SECURED BY RE-1-4 FAMILY RESIDENTIAL CONSTRUCTION LOANS : NONACCRUAL,,0.1427,2011Q1,2023Q2,2011-03-31,2023-06-30,stock,rc_n_past_due.csv,ok,,"Maintainer 2026-09-20: names reviewed, fine."
RC-N,na_constr_res14_modified,RCONK107,LOAN MODIFICATIONS TO BORROWERS EXPERIENCING FINANCIAL DIFFICULTY 1-4 FAMILY RESIDENTIAL CONSTRUCTION LOANS -NONACCRUAL,,0.2059,2011Q1,2025Q3,2011-03-31,,stock,rc_n_past_due.csv,ok,,"Maintainer 2026-09-20: names reviewed, fine."
RC-N,na_famres_first_lossshare,RCONK059,LOANS AND LEASES COVERED BY LOSS SHARING AGREEMENTS WITH THE FDIC: CLOSED-END LOANS SECURED BY 1-4 FAMILY RESIDENTIAL PROPERTIES :SECURED BY FIRST LIENS -NONACC,,0.1427,2011Q1,2023Q2,2011-03-31,2023-06-30,stock,rc_n_past_due.csv,ok,,"Maintainer 2026-09-20: names reviewed, fine."
RC-N,na_famres_junior_lossshare,RCONK062,LOANS AND LEASES COVERED BY LOSS SHARING AGREEMENTS WITH THE FDIC: CLOSED END LOANS SECURED BY 1-4 FAMILY RESIDENTIAL PROPERTIES :SECURED BY JUNIOR LIENS -NONAC,,0.1427,2011Q1,2023Q2,2011-03-31,2023-06-30,stock,rc_n_past_due.csv,ok,,"Maintainer 2026-09-20: names reviewed, fine."
RC-N,na_farmland_lossshare,RCONK053,LOANS AND LEASES COVERED BY LOSS SHARING AGREEMENTS WITH THE FDIC: LOANS SECURED BY RE: SECURED BY FARMLAND -NONACCRUAL,,0.1427,2011Q1,2023Q2,2011-03-31,2023-06-30,stock,rc_n_past_due.csv,ok,,"Maintainer 2026-09-20: names reviewed, fine."
RC-N,na_farmland_modified,RCONK132,ITEMIZE LOAN MODIFICATIONS TO BORROWERS EXPERIENCING FINANCIAL DIFFICULTY SECURED BY FARMLAND IN DOMESTIC OFFICES INCLUDED IN ALL OTHER LOANS: NONACCRUAL,,0.2059,2011Q1,2025Q3,2011-03-31,,stock,rc_n_past_due.csv,ok,,"Maintainer 2026-09-20: names reviewed, fine."
RC-N,na_finance_cre,RCFD6560,LOANS TO FINANCE COMMERCIAL REAL ESTATE; CONSTRUCTION; AND LAND DEVELOPMENT ACTIVITIES - NONACCRUAL,,0.4975,1991Q1,2025Q3,1991-03-31,,stock,rc_n_past_due.csv,ok,,"Maintainer 2026-09-20: names reviewed, fine."
RC-N,na_heloc_lossshare,RCONK056,LOANS AND LEASES COVERED BY LOSS SHARING AGREEMENTS WITH THE FDIC: LOANS SECURED BY 1-4 FAMILY RESIDENTIAL PROPERTIES-REVOLVING; OPEN-END LOANS EXTENDED UNDER L,,0.1427,2011Q1,2023Q2,2011-03-31,2023-06-30,stock,rc_n_past_due.csv,ok,,"Maintainer 2026-09-20: names reviewed, fine."
RC-N,na_hfs_fv,RCFDF666,FAIR VALUE OF LOANS AND LEASES HELD FOR SALE- NONACCRUAL,,0.1788,2008Q1,2018Q1,2008-03-31,2018-03-31,stock,rc_n_past_due.csv,ok,,"Maintainer 2026-09-20: names reviewed, fine."
RC-N,na_hfs_upb,RCFDF669,UNPAID PRINCIPAL BALANCE OF LOANS AND LEASES HELD FOR SALE- NONACCRUAL,,0.1788,2008Q1,2018Q1,2008-03-31,2018-03-31,stock,rc_n_past_due.csv,ok,,"Maintainer 2026-09-20: names reviewed, fine."
RC-N,na_indiv_modified,RCFDK276,ITEMIZE LOAN MODIFICATIONS TO BORROWERS EXPERIENCING FINANCIAL DIFFICULTY CREDIT CARD LOANS TO INDIVIDUALS FOR HOUSEHOLD; FAMILY; AND OTHER PERSONAL EXPENDITURE,,0.2059,2011Q1,2025Q3,2011-03-31,,stock,rc_n_past_due.csv,ok,,"Maintainer 2026-09-20: names reviewed, fine."
RC-N,na_lease_lossshare,RCFDK089,LOANS AND LEASES COVERED BY LOSS SHARING AGREEMENTS WITH THE FDIC: ALL OTHER LOANS AND ALL LEASES: NONACCRUAL,,0.1427,2011Q1,2023Q2,2011-03-31,2023-06-30,stock,rc_n_past_due.csv,ok,,"Maintainer 2026-09-20: names reviewed, fine."
RC-N,na_multifam_lossshare,RCONK065,LOANS AND LEASES COVERED BY LOSS SHARING AGREEMENTS WITH THE FDIC: LOANS SECURED BY RE: SECURED BY MULTIFAMILY (5 OR MORE) RESIDENTIAL PROPERTIES -NONACCRUAL,,0.1427,2011Q1,2023Q2,2011-03-31,2023-06-30,stock,rc_n_past_due.csv,ok,,"Maintainer 2026-09-20: names reviewed, fine."
RC-N,na_multifam_modified,RCONK113,LOAN MODIFICATIONS TO BORROWERS EXPERIENCING FINANCIAL DIFFICULTY SECURED BY MULTIFAMILY RESIDENTIAL PROPERTIES IN DOMESTIC OFFICES: NONACCRUAL,,0.2059,2011Q1,2025Q3,2011-03-31,,stock,rc_n_past_due.csv,ok,,"Maintainer 2026-09-20: names reviewed, fine."
RC-N,na_nfnres_oth_lossshare,RCONK071,LOANS AND LEASES COVERED BY LOSS SHARING AGREEMENTS WITH THE FDIC: LOANS SECURED BY RE: SECURED BY NONFARM NONRESIDENTIAL PROPERTIES -OTHER -NONACCRUAL,,0.1427,2011Q1,2023Q2,2011-03-31,2023-06-30,stock,rc_n_past_due.csv,ok,,"Maintainer 2026-09-20: names reviewed, fine."
RC-N,na_nfnres_owner_lossshare,RCONK068,LOANS AND LEASES COVERED BY LOSS SHARING AGREEMENTS WITH THE FDIC: LOANS SECURED BY RE: SECURED BY NONFARM NONRESIDENTIAL PROPERTIES -OWNER OCCUPIED -NONACCRUAL,,0.1427,2011Q1,2023Q2,2011-03-31,2023-06-30,stock,rc_n_past_due.csv,ok,,"Maintainer 2026-09-20: names reviewed, fine."
RC-N,na_nondep_fin,RCFDPV25,LOANS TO NONDEPOSITORY FINANCIAL INSTITUTIONS INCLUDED IN SCHEDULE RC-N; ITEM 7 - NONACCRUAL,,0.0127,2024Q4,2025Q3,2024-12-31,,stock,rc_n_past_due.csv,ok,,"Maintainer 2026-09-20: names reviewed, fine."
RC-N,na_othln_lossshare,RCFDK074,LOANS AND LEASES COVERED BY LOSS SHARING AGREEMENTS WITH THE FDIC: LOANS TO FINANCE AGRICULTURE PRODUCTION AND OTHER LOANS TO FARMERS : NONACCRUAL,,0.0629,2011Q1,2016Q4,2011-03-31,2016-12-31,stock,rc_n_past_due.csv,ok,,"Maintainer 2026-09-20: names reviewed, fine."
RC-N,na_othln_modified,RCFDK128,LOAN MODIFICATIONS TO BORROWERS EXPERIENCING FINANCIAL DIFFICULTY : ALL OTHER LOANS - NONACCRUAL,,0.2059,2011Q1,2025Q3,2011-03-31,,stock,rc_n_past_due.csv,ok,,"Maintainer 2026-09-20: names reviewed, fine."
RC-N,na_tot_gnma_rebooked,RCFDK044,REBOOKED 'GNMA LOANS' THAT HAVE BEEN REPURCHASED OR ARE ELIGIBLE FOR REPURCHASE INCLUDED IN ITEM 10 - NONACCRUAL,,0.2386,2011Q1,2025Q3,2011-03-31,,stock,rc_n_past_due.csv,ok,,"Maintainer 2026-09-20: names reviewed, fine."
RC-N,na_tot_lossshare,RCFDK038,LOANS AND LEASES REPORTED IN THE PAST DUE AND NONACCRUAL LOANS; LEASES AND OTHER ASSETS WHICH ARE WHOLLY OR PARTIALLY GUARANTEED BY THE U.S. GOVERNMENT ; EXCLUD,,0.2386,2011Q1,2025Q3,2011-03-31,,stock,rc_n_past_due.csv,ok,,"Maintainer 2026-09-20: names reviewed, fine."
RC-N,na_tot_modified,RCFDHK28,TOTAL LOAN MODIFICATIONS TO BORROWERS EXPERIENCING FINANCIAL DIFFICULTY INCLUDED IN SCHEDULE RC-N ITEMS 1 THROUGH 7 ABOVE AND NOT REPORTED IN SCHEDULE RC-C; PAR,,0.1249,2017Q1,2025Q3,2017-03-31,,stock,rc_n_past_due.csv,ok,,"Maintainer 2026-09-20: names reviewed, fine."
RC-N,na_tot_usgtd_portion,RCFDK041,GUARANTEED PORTION OF LOANS AND LEASES INCLUDED IN ITEM 10; EXCLUDING REBOOKED 'GNMA LOANS' : NONACCRUAL,,0.2386,2011Q1,2025Q3,2011-03-31,,stock,rc_n_past_due.csv,ok,,"Maintainer 2026-09-20: names reviewed, fine."
RC-N,pci_balance_na,RCFDL185,PURCHASED CREDIT-IMPAIRED LOANS ACCOUNTED FOR IN ACCORDANCE WITH FASB ASC 310-30 (FORMER AICPA STATEMENT OF POSITION 03-3): OUTSTANDING BALANCE PAST DUE 30 THRO,,0.1461,2012Q2,2023Q4,2012-06-30,2023-12-31,stock,rc_n_past_due.csv,ok,,"Maintainer 2026-09-20: names reviewed, fine."
RC-N,pci_balance_pd30,RCFDL183,PURCHASED CREDIT-IMPAIRED LOANS ACCOUNTED FOR IN ACCORDANCE WITH FASB ASC 310-30 (FORMER AICPA STATEMENT OF POSITION 03-3): OUTSTANDING BALANCE PAST DUE 30 THRO,,0.1461,2012Q2,2023Q4,2012-06-30,2023-12-31,stock,rc_n_past_due.csv,ok,,"Maintainer 2026-09-20: names reviewed, fine."
RC-N,pci_balance_pd90,RCFDL184,PURCHASED CREDIT-IMPAIRED LOANS ACCOUNTED FOR IN ACCORDANCE WITH FASB ASC 310-30 (FORMER AICPA STATEMENT OF POSITION 03-3): OUTSTANDING BALANCE PAST DUE 90 DAYS,,0.1461,2012Q2,2023Q4,2012-06-30,2023-12-31,stock,rc_n_past_due.csv,ok,,"Maintainer 2026-09-20: names reviewed, fine."
RC-N,pci_carrying_na,RCFDL188,PURCHASED CREDIT-IMPAIRED LOANS ACCOUNTED FOR IN ACCORDANCE WITH FASB ASC 310-30 (FORMER AICPA STATEMENT OF POSITION 03-3): CARRYING AMOUNT INCLUDED IN SCHEDULE,,0.1461,2012Q2,2023Q4,2012-06-30,2023-12-31,stock,rc_n_past_due.csv,ok,,"Maintainer 2026-09-20: names reviewed, fine."
RC-N,pci_carrying_pd30,RCFDL186,PURCHASED CREDIT-IMPAIRED LOANS ACCOUNTED FOR IN ACCORDANCE WITH FASB ASC 310-30 (FORMER AICPA STATEMENT OF POSITION 03-3): CARRYING AMOUNT INCLUDED IN SCHEDULE,,0.1461,2012Q2,2023Q4,2012-06-30,2023-12-31,stock,rc_n_past_due.csv,ok,,"Maintainer 2026-09-20: names reviewed, fine."
RC-N,pci_carrying_pd90,RCFDL187,PURCHASED CREDIT-IMPAIRED LOANS ACCOUNTED FOR IN ACCORDANCE WITH FASB ASC 310-30 (FORMER AICPA STATEMENT OF POSITION 03-3): CARRYING AMOUNT INCLUDED IN SCHEDULE,,0.1461,2012Q2,2023Q4,2012-06-30,2023-12-31,stock,rc_n_past_due.csv,ok,,"Maintainer 2026-09-20: names reviewed, fine."
RC-N,pd30_agprod,RCFD1594,LOANS TO FINANCE AGRICULTURAL PRODUCTION AND OTHER LOANS TO FARMERS - PAST DUE 30-89 DAYS AND STILL ACCRUING,,0.3198,2001Q1,2025Q3,2001-03-31,,stock,rc_n_past_due.csv,ok,,"Maintainer 2026-09-20: names reviewed, fine."
RC-N,pd30_agprod_modified,RCFDK138,ITEMIZE LOAN MODIFICATIONS TO BORROWERS EXPERIENCING FINANCIAL DIFFICULTY TO FINANCE AGRICULTURAL PRODUCTION AND OTHER LOANS TO FARMERS INCLUDED IN ALL OTHER LO,,0.1326,2011Q1,2025Q3,2011-03-31,,stock,rc_n_past_due.csv,ok,,"Maintainer 2026-09-20: names reviewed, fine."
RC-N,pd30_auto,RCFDK213,LOANS TO INDIVIDUALS FOR HOUSEHOLD; FAMILY AND OTHER PERSONAL EXPENDITURES: AUTOMOBILE LOANS - PAST DUE 30 THROUGH 89 DAYS AND STILL ACCRUING,,0.2386,2011Q1,2025Q3,2011-03-31,,stock,rc_n_past_due.csv,ok,,"Maintainer 2026-09-20: names reviewed, fine."
RC-N,pd30_auto_lossshare,RCFDK081,LOANS AND LEASES COVERED BY LOSS SHARING AGREEMENTS WITH THE FDIC: LOANS TO INDIVIDUAL FOR HOUSEHOLD; FAMILY; PERSONAL EXPENDITURES: AUTOMOBILE LOANS : PAST DUE,,0.1137,2011Q1,2016Q4,2011-03-31,2016-12-31,stock,rc_n_past_due.csv,ok,,"Maintainer 2026-09-20: names reviewed, fine."
RC-N,pd30_auto_modified,RCFDK277,ITEMIZE LOAN MODIFICATIONS TO BORROWERS EXPERIENCING FINANCIAL DIFFICULTY AUTOMOBILE LOANS TO INDIVIDUALS FOR HOUSEHOLD; FAMILY; AND OTHER PERSONAL EXPENDITURES,,0.2059,2011Q1,2025Q3,2011-03-31,,stock,rc_n_past_due.csv,ok,,"Maintainer 2026-09-20: names reviewed, fine."
RC-N,pd30_cc,RCFDB575,LOANS TO INDIVIDUALS FOR HOUSEHOLD; FAMILY; AND OTHER PERSONAL EXPENDITURES: CREDIT CARDS - PAST DUE 30 THROUGH 89 DAYS AND STILL ACCRUING,,0.4636,2001Q1,2025Q3,2001-03-31,,stock,rc_n_past_due.csv,ok,,"Maintainer 2026-09-20: names reviewed, fine."
RC-N,pd30_cc_lossshare,RCFDK078,LOANS AND LEASES COVERED BY LOSS SHARING AGREEMENTS WITH THE FDIC: LOANS TO INDIVIDUAL FOR HOUSEHOLD; FAMILY; PERSONAL EXPENDITURES: CREDIT CARDS: PAST DUE 30 T,,0.1137,2011Q1,2016Q4,2011-03-31,2016-12-31,stock,rc_n_past_due.csv,ok,,"Maintainer 2026-09-20: names reviewed, fine."
RC-N,pd30_cc_modified,RCFDK280,ITEMIZE LOAN MODIFICATIONS TO BORROWERS EXPERIENCING FINANCIAL DIFFICULTY OTHER CONSUMER (INCLUDES SINGLE PAYMENT; INSTALLMENT; ALL STUDENT LOANS; AND REVOLVING,,0.2059,2011Q1,2025Q3,2011-03-31,,stock,rc_n_past_due.csv,ok,,"Maintainer 2026-09-20: names reviewed, fine."
RC-N,pd30_ci_lossshare,RCFDK075,LOANS AND LEASES COVERED BY LOSS SHARING AGREEMENTS WITH THE FDIC: COMMERCIAL AND INDUSTRIAL LOANS - PAST DUE 30 THROUGH 89 DAYS AND STILL ACCRUING,,0.1137,2011Q1,2016Q4,2011-03-31,2016-12-31,stock,rc_n_past_due.csv,ok,,"Maintainer 2026-09-20: names reviewed, fine."
RC-N,pd30_ci_modified,RCONK257,LOAN MODIFICATIONS TO BORROWERS EXPERIENCING FINANCIAL DIFFICULTY: COMMERCIAL AND INDUSTRIAL LOANS - PAST DUE 30 THROUGH 89 DAYS AND STILL ACCRUING,,0.2024,2011Q1,2025Q3,2011-03-31,,stock,rc_n_past_due.csv,ok,,"Maintainer 2026-09-20: names reviewed, fine."
RC-N,pd30_constr_oth_modified,RCONK108,LOAN MODIFICATIONS TO BORROWERS EXPERIENCING FINANCIAL DIFFICULTY OTHER CONSTRUCTION LOANS AND ALL LAND DEVELOPMENT AND OTHER LAND LOANS: PAST DUE 30 THROUGH 89,,0.2059,2011Q1,2025Q3,2011-03-31,,stock,rc_n_past_due.csv,ok,,"Maintainer 2026-09-20: names reviewed, fine."
RC-N,pd30_constr_res14_lossshare,RCONK045,LOANS AND LEASES COVERED BY LOSS SHARING AGREEMENTS WITH THE FDIC: LOANS SECURED BY RE-1-4 FAMILY RESIDENTIAL CONSTRUCTION LOANS : PAST DUE 30 THROUGH 89 DAYS A,,0.1427,2011Q1,2023Q2,2011-03-31,2023-06-30,stock,rc_n_past_due.csv,ok,,"Maintainer 2026-09-20: names reviewed, fine."
RC-N,pd30_constr_res14_modified,RCONK105,LOAN MODIFICATIONS TO BORROWERS EXPERIENCING FINANCIAL DIFFICULTY 1-4 FAMILY RESIDENTIAL CONSTRUCTION LOANS :PAST DUE 30 THROUGH 89 DAYS AND STILL ACCRUING,,0.2059,2011Q1,2025Q3,2011-03-31,,stock,rc_n_past_due.csv,ok,,"Maintainer 2026-09-20: names reviewed, fine."
RC-N,pd30_debtsec,RCFD3505,DEBT SECURITIES AND OTHER ASSETS - PAST DUE 30 THROUGH 89 DAYS AND STILL ACCRUING,,0.4636,2001Q1,2025Q3,2001-03-31,,stock,rc_n_past_due.csv,ok,,"Maintainer 2026-09-20: names reviewed, fine."
RC-N,pd30_famres_first,RCONC236,CLOSED-END LOANS SECURED BY 1-4 FAMILY RESIDENTIAL PROPERTIES:SECURED BY FIRST LIENS-PAST DUE 30 THRU 89 DAYS AND STILL ACCRUING,,0.4391,2002Q1,2025Q3,2002-03-31,,stock,rc_n_past_due.csv,ok,,"Maintainer 2026-09-20: names reviewed, fine."
RC-N,pd30_famres_first_lossshare,RCONK057,LOANS AND LEASES COVERED BY LOSS SHARING AGREEMENTS WITH THE FDIC: CLOSED-END LOANS SECURED BY 1-4 FAMILY RESIDENTIAL PROPERTIES :SECURED BY FIRST LIENS -PAST D,,0.1427,2011Q1,2023Q2,2011-03-31,2023-06-30,stock,rc_n_past_due.csv,ok,,"Maintainer 2026-09-20: names reviewed, fine."
RC-N,pd30_famres_junior,RCONC238,CLOSED-END LOANS SECURED BY 1-4 FAMILY RESIDENTIAL PROPERTIES:SECURED BY JUNIOR LIENS-PAST DUE 30 THRU 89 DAYS AND STILL ACCRUING,,0.4391,2002Q1,2025Q3,2002-03-31,,stock,rc_n_past_due.csv,ok,,"Maintainer 2026-09-20: names reviewed, fine."
RC-N,pd30_famres_junior_lossshare,RCONK060,LOANS AND LEASES COVERED BY LOSS SHARING AGREEMENTS WITH THE FDIC: CLOSED END LOANS SECURED BY 1-4 FAMILY RESIDENTIAL PROPERTIES :SECURED BY JUNIOR LIENS -PAST ,,0.1427,2011Q1,2023Q2,2011-03-31,2023-06-30,stock,rc_n_past_due.csv,ok,,"Maintainer 2026-09-20: names reviewed, fine."
RC-N,pd30_farmland,RCON3493,LOANS SECURED BY REAL ESTATE (IN DOMESTIC OFFICES): SECURED BY FARMLAND - PAST DUE 30 THROUGH 89 DAYS AND STILL ACCRUING,,0.4636,2001Q1,2025Q3,2001-03-31,,stock,rc_n_past_due.csv,ok,,"Maintainer 2026-09-20: names reviewed, fine."
RC-N,pd30_farmland_lossshare,RCONK051,LOANS AND LEASES COVERED BY LOSS SHARING AGREEMENTS WITH THE FDIC: LOANS SECURED BY RE: SECURED BY FARMLAND -PAST DUE 30 THROUGH 89 DAYS AND STILL ACCRUING,,0.1427,2011Q1,2023Q2,2011-03-31,2023-06-30,stock,rc_n_past_due.csv,ok,,"Maintainer 2026-09-20: names reviewed, fine."
RC-N,pd30_farmland_modified,RCONK130,ITEMIZE LOAN MODIFICATIONS TO BORROWERS EXPERIENCING FINANCIAL DIFFICULTY SECURED BY FARMLAND IN DOMESTIC OFFICES INCLUDED IN ALL OTHER LOANS PAST DUE 30 THROUG,,0.2059,2011Q1,2025Q3,2011-03-31,,stock,rc_n_past_due.csv,ok,,"Maintainer 2026-09-20: names reviewed, fine."
RC-N,pd30_finance_cre,RCFD6558,LOANS TO FINANCE COMMERCIAL REAL ESTATE; CONSTRUCTION; AND LAND DEVELOPMENT ACTIVITIES - PAST DUE 30 THROUGH 89 DAYS AND STILL ACCRUING,,0.4636,2001Q1,2025Q3,2001-03-31,,stock,rc_n_past_due.csv,ok,,"Maintainer 2026-09-20: names reviewed, fine."
RC-N,pd30_forgovt,RCFD5389,LOANS TO FOREIGN GOVERNMENTS AND OFFICIAL INSTITUTIONS - PAST DUE 30 THROUGH 89 DAYS AND STILL ACCRUING,,0.3406,2001Q1,2025Q3,2001-03-31,,stock,rc_n_past_due.csv,ok,,"Maintainer 2026-09-20: names reviewed, fine."
RC-N,pd30_heloc,RCON5398,LOANS SECURED BY 1-4 FAMILY RESIDENTIAL PROPERTIES: REVOLVING; OPEN-END LOANS SECURED BY 1-4 FAMILY RESIDENTIAL PROPERTIES AND EXTENDED UNDER LINES OF CREDIT - ,,0.4636,2001Q1,2025Q3,2001-03-31,,stock,rc_n_past_due.csv,ok,,"Maintainer 2026-09-20: names reviewed, fine."
RC-N,pd30_heloc_lossshare,RCONK054,LOANS AND LEASES COVERED BY LOSS SHARING AGREEMENTS WITH THE FDIC: LOANS SECURED BY 1-4 FAMILY RESIDENTIAL PROPERTIES-REVOLVING; OPEN-END LOANS EXTENDED UNDER L,,0.1427,2011Q1,2023Q2,2011-03-31,2023-06-30,stock,rc_n_past_due.csv,ok,,"Maintainer 2026-09-20: names reviewed, fine."
RC-N,pd30_hfs,RCFDC240,LOANS AND LEASES HELD FOR SALE-PAST DUE 30 THRU 89 DAYS AND STILL ACCRUING,,0.3934,2002Q1,2025Q3,2002-03-31,,stock,rc_n_past_due.csv,ok,,"Maintainer 2026-09-20: names reviewed, fine."
RC-N,pd30_hfs_fv,RCFDF664,FAIR VALUE OF LOANS AND LEASES HELD FOR SALE - PAST DUE 30 THROUGH 89 DAYS AND STILL ACCRUING.,,0.1788,2008Q1,2018Q1,2008-03-31,2018-03-31,stock,rc_n_past_due.csv,ok,,"Maintainer 2026-09-20: names reviewed, fine."
RC-N,pd30_hfs_upb,RCFDF667,UNPAID PRINCIPAL BALANCE OF LOANS AND LEASES HELD FOR SALE - PAST DUE 30 THROUGH 89 DAYS AND STILL ACCRUING.,,0.1788,2008Q1,2018Q1,2008-03-31,2018-03-31,stock,rc_n_past_due.csv,ok,,"Maintainer 2026-09-20: names reviewed, fine."
RC-N,pd30_indiv,RCFDK216,LOANS TO INDIVIDUALS FOR HOUSEHOLD; FAMILY AND OTHER PERSONAL EXPENDITURES: OTHER - PAST DUE 30 THROUGH 89 DAYS AND STILL ACCRUING,,0.2386,2011Q1,2025Q3,2011-03-31,,stock,rc_n_past_due.csv,ok,,"Maintainer 2026-09-20: names reviewed, fine."
RC-N,pd30_indiv_modified,RCFDK274,ITEMIZE LOAN MODIFICATIONS TO BORROWERS EXPERIENCING FINANCIAL DIFFICULTY CREDIT CARD LOANS TO INDIVIDUALS FOR HOUSEHOLD; FAMILY; AND OTHER PERSONAL EXPENDITURE,,0.2059,2011Q1,2025Q3,2011-03-31,,stock,rc_n_past_due.csv,ok,,"Maintainer 2026-09-20: names reviewed, fine."
RC-N,pd30_lease_lossshare,RCFDK087,LOANS AND LEASES COVERED BY LOSS SHARING AGREEMENTS WITH THE FDIC: ALL OTHER LOANS AND ALL LEASES: PAST DUE 30 THROUGH 89 DAYS AND STILL ACCRUING,,0.1427,2011Q1,2023Q2,2011-03-31,2023-06-30,stock,rc_n_past_due.csv,ok,,"Maintainer 2026-09-20: names reviewed, fine."
RC-N,pd30_multifam,RCON3499,LOANS SECURED BY REAL ESTATE (IN DOMESTIC OFFICES): SECURED BY MULTIFAMILY (5 OR MORE) RESIDENTIAL PROPERTIES - PAST DUE 30 THROUGH 89 DAYS AND STILL ACCRUING,,0.4636,2001Q1,2025Q3,2001-03-31,,stock,rc_n_past_due.csv,ok,,"Maintainer 2026-09-20: names reviewed, fine."
RC-N,pd30_multifam_lossshare,RCONK063,LOANS AND LEASES COVERED BY LOSS SHARING AGREEMENTS WITH THE FDIC: LOANS SECURED BY RE: SECURED BY MULTIFAMILY (5 OR MORE) RESIDENTIAL PROPERTIES -PAST DUE 30 T,,0.1427,2011Q1,2023Q2,2011-03-31,2023-06-30,stock,rc_n_past_due.csv,ok,,"Maintainer 2026-09-20: names reviewed, fine."
RC-N,pd30_multifam_modified,RCONK111,LOAN MODIFICATIONS TO BORROWERS EXPERIENCING FINANCIAL DIFFICULTY SECURED BY MULTIFAMILY RESIDENTIAL PROPERTIES IN DOMESTIC OFFICES: PAST DUE 30 THROUGH 89 DAYS,,0.2059,2011Q1,2025Q3,2011-03-31,,stock,rc_n_past_due.csv,ok,,"Maintainer 2026-09-20: names reviewed, fine."
RC-N,pd30_nfnres_oth_lossshare,RCONK069,LOANS AND LEASES COVERED BY LOSS SHARING AGREEMENTS WITH THE FDIC: LOANS SECURED BY RE: SECURED BY NONFARM NONRESIDENTIAL PROPERTIES -OTHER : PAST DUE 30 THROUG,,0.1427,2011Q1,2023Q2,2011-03-31,2023-06-30,stock,rc_n_past_due.csv,ok,,"Maintainer 2026-09-20: names reviewed, fine."
RC-N,pd30_nfnres_owner_lossshare,RCONK066,LOANS AND LEASES COVERED BY LOSS SHARING AGREEMENTS WITH THE FDIC: LOANS SECURED BY RE: SECURED BY NONFARM NONRESIDENTIAL PROPERTIES -OWNER OCCUPIED : PAST DUE ,,0.1427,2011Q1,2023Q2,2011-03-31,2023-06-30,stock,rc_n_past_due.csv,ok,,"Maintainer 2026-09-20: names reviewed, fine."
RC-N,pd30_nondep_fin,RCFDPV23,LOANS TO NONDEPOSITORY FINANCIAL INSTITUTIONS INCLUDED IN SCHEDULE RC-N; ITEM 7 - PAST DUE 30 THROUGH 89 DAYS AND STILL ACCRUING,,0.0127,2024Q4,2025Q3,2024-12-31,,stock,rc_n_past_due.csv,ok,,"Maintainer 2026-09-20: names reviewed, fine."
RC-N,pd30_othln,RCFD5459,ALL OTHER LOANS - PAST DUE 30 THROUGH 89 DAYS AND STILL ACCRUING,,0.4636,2001Q1,2025Q3,2001-03-31,,stock,rc_n_past_due.csv,ok,,"Maintainer 2026-09-20: names reviewed, fine."
RC-N,pd30_othln_lossshare,RCFDK072,LOANS AND LEASES COVERED BY LOSS SHARING AGREEMENTS WITH THE FDIC: LOANS TO FINANCE AGRICULTURE PRODUCTION AND OTHER LOANS TO FARMERS : PAST DUE 30 THROUGH 89 D,,0.063,2011Q1,2016Q4,2011-03-31,2016-12-31,stock,rc_n_past_due.csv,ok,,"Maintainer 2026-09-20: names reviewed, fine."
RC-N,pd30_othln_modified,RCFDK126,LOAN MODIFICATIONS TO BORROWERS EXPERIENCING FINANCIAL DIFFICULTY: ALL OTHER LOANS - PAST DUE 30 THROUGH 89 DAYS AND STILL ACCRUING,,0.2059,2011Q1,2025Q3,2011-03-31,,stock,rc_n_past_due.csv,ok,,"Maintainer 2026-09-20: names reviewed, fine."
RC-N,pd30_re_foreign,RCFNB572,LOANS SECURED BY REAL ESTATE: IN FOREIGN OFFICES - PAST DUE 30 THROUGH 89 DAYS AND STILL ACCRUING,,0.0066,2001Q1,2025Q3,2001-03-31,,stock,rc_n_past_due.csv,ok,,"Maintainer 2026-09-20: names reviewed, fine."
RC-N,pd30_tot_gnma_rebooked,RCFDK042,REBOOKED 'GNMA LOANS' THAT HAVE BEEN REPURCHASED OR ARE ELIGIBLE FOR REPURCHASE INCLUDED IN ITEM 10 - PAST DUE 30 THROUGH 89 DAYS AND STILL ACCRUING,,0.2386,2011Q1,2025Q3,2011-03-31,,stock,rc_n_past_due.csv,ok,,"Maintainer 2026-09-20: names reviewed, fine."
RC-N,pd30_tot_lossshare,RCFDK036,LOANS AND LEASES REPORTED IN THE PAST DUE AND NONACCRUAL LOANS; LEASES AND OTHER ASSETS WHICH ARE WHOLLY OR PARTIALLY GUARANTEED BY THE U.S. GOVERNMENT ; EXCLUD,,0.2386,2011Q1,2025Q3,2011-03-31,,stock,rc_n_past_due.csv,ok,,"Maintainer 2026-09-20: names reviewed, fine."
RC-N,pd30_tot_modified,RCFDHK26,TOTAL LOAN MODIFICATIONS TO BORROWERS EXPERIENCING FINANCIAL DIFFICULTY INCLUDED IN SCHEDULE RC-N ITEMS 1 THROUGH 7 ABOVE AND NOT REPORTED IN SCHEDULE RC-C; PAR,,0.1249,2017Q1,2025Q3,2017-03-31,,stock,rc_n_past_due.csv,ok,,"Maintainer 2026-09-20: names reviewed, fine."
RC-N,pd30_tot_usgtd_portion,RCFDK039,GUARANTEED PORTION OF LOANS AND LEASES INCLUDED IN ITEM 10; EXCLUDING REBOOKED 'GNMA LOANS' PAST DUE 30 THROUGH 89 DAYS AND STILL ACCRUING,,0.2386,2011Q1,2025Q3,2011-03-31,,stock,rc_n_past_due.csv,ok,,"Maintainer 2026-09-20: names reviewed, fine."
RC-N,pd90_agprod,RCFD1597,LOANS TO FINANCE AGRICULTURAL PRODUCTION AND OTHER LOANS TO FARMERS - PAST DUE 90 DAYS OR MORE AND STILL ACCRUING,,0.3694,1985Q1,2025Q3,,,stock,rc_n_past_due.csv,ok,,"Maintainer 2026-09-20: names reviewed, fine."
RC-N,pd90_agprod_modified,RCFDK139,ITEMIZE LOAN MODIFICATIONS TO BORROWERS EXPERIENCING FINANCIAL DIFFICULTY TO FINANCE AGRICULTURAL PRODUCTION AND OTHER LOANS TO FARMERS INCLUDED IN ALL OTHER LO,,0.1326,2011Q1,2025Q3,2011-03-31,,stock,rc_n_past_due.csv,ok,,"Maintainer 2026-09-20: names reviewed, fine."
RC-N,pd90_auto,RCFDK214,LOANS TO INDIVIDUALS FOR HOUSEHOLD; FAMILY AND OTHER PERSONAL EXPENDITURES: AUTOMOBILE LOANS - PAST DUE 90 DAYS OR MORE AND STILL ACCRUING,,0.2386,2011Q1,2025Q3,2011-03-31,,stock,rc_n_past_due.csv,ok,,"Maintainer 2026-09-20: names reviewed, fine."
RC-N,pd90_auto_lossshare,RCFDK082,LOANS AND LEASES COVERED BY LOSS SHARING AGREEMENTS WITH THE FDIC: LOANS TO INDIVIDUAL FOR HOUSEHOLD; FAMILY; PERSONAL EXPENDITURES: AUTOMOBILE LOANS :PAST DUE ,,0.1137,2011Q1,2016Q4,2011-03-31,2016-12-31,stock,rc_n_past_due.csv,ok,,"Maintainer 2026-09-20: names reviewed, fine."
RC-N,pd90_auto_modified,RCFDK278,ITEMIZE LOAN MODIFICATIONS TO BORROWERS EXPERIENCING FINANCIAL DIFFICULTY AUTOMOBILE LOANS TO INDIVIDUALS FOR HOUSEHOLD; FAMILY; AND OTHER PERSONAL EXPENDITURES,,0.2059,2011Q1,2025Q3,2011-03-31,,stock,rc_n_past_due.csv,ok,,"Maintainer 2026-09-20: names reviewed, fine."
RC-N,pd90_cc,RCFDB576,LOANS TO INDIVIDUALS FOR HOUSEHOLD; FAMILY; AND OTHER PERSONAL EXPENDITURES: CREDIT CARDS - PAST DUE 90 DAYS OR MORE AND STILL ACCRUING,,0.4636,2001Q1,2025Q3,2001-03-31,,stock,rc_n_past_due.csv,ok,,"Maintainer 2026-09-20: names reviewed, fine."
RC-N,pd90_cc_lossshare,RCFDK079,LOANS AND LEASES COVERED BY LOSS SHARING AGREEMENTS WITH THE FDIC: LOANS TO INDIVIDUAL FOR HOUSEHOLD; FAMILY; PERSONAL EXPENDITURES: CREDIT CARDS: PAST DUE 90 D,,0.1137,2011Q1,2016Q4,2011-03-31,2016-12-31,stock,rc_n_past_due.csv,ok,,"Maintainer 2026-09-20: names reviewed, fine."
RC-N,pd90_cc_modified,RCFDK281,ITEMIZE LOAN MODIFICATIONS TO BORROWERS EXPERIENCING FINANCIAL DIFFICULTY OTHER CONSUMER (INCLUDES SINGLE PAYMENT; INSTALLMENT; ALL STUDENT LOANS; AND REVOLVING,,0.2059,2011Q1,2025Q3,2011-03-31,,stock,rc_n_past_due.csv,ok,,"Maintainer 2026-09-20: names reviewed, fine."
RC-N,pd90_ci_lossshare,RCFDK076,LOANS AND LEASES COVERED BY LOSS SHARING AGREEMENTS WITH THE FDIC: COMMERCIAL AND INDUSTRIAL LOANS - PAST DUE 90 DAYS OR MORE AND STILL ACCRUING,,0.1137,2011Q1,2016Q4,2011-03-31,2016-12-31,stock,rc_n_past_due.csv,ok,,"Maintainer 2026-09-20: names reviewed, fine."
RC-N,pd90_ci_modified,RCONK258,LOAN MODIFICATIONS TO BORROWERS EXPERIENCING FINANCIAL DIFFICULTY: COMMERCIAL AND INDUSTRIAL LOANS - PAST DUE 90 DAYS OR MORE AND STILL ACCRUING,,0.2023,2011Q1,2025Q3,2011-03-31,,stock,rc_n_past_due.csv,ok,,"Maintainer 2026-09-20: names reviewed, fine."
RC-N,pd90_constr_oth_modified,RCONK109,LOAN MODIFICATIONS TO BORROWERS EXPERIENCING FINANCIAL DIFFICULTY OTHER CONSTRUCTION LOANS AND ALL LAND DEVELOPMENT AND OTHER LAND LOANS: PAST DUE 90 DAYS OR MO,,0.2059,2011Q1,2025Q3,2011-03-31,,stock,rc_n_past_due.csv,ok,,"Maintainer 2026-09-20: names reviewed, fine."
RC-N,pd90_constr_res14_lossshare,RCONK046,LOANS AND LEASES COVERED BY LOSS SHARING AGREEMENTS WITH THE FDIC: LOANS SECURED BY RE-1-4 FAMILY RESIDENTIAL CONSTRUCTION LOANS : PAST DUE 90 DAYS OR MORE AND ,,0.1427,2011Q1,2023Q2,2011-03-31,2023-06-30,stock,rc_n_past_due.csv,ok,,"Maintainer 2026-09-20: names reviewed, fine."
RC-N,pd90_constr_res14_modified,RCONK106,LOAN MODIFICATIONS TO BORROWERS EXPERIENCING FINANCIAL DIFFICULTY 1-4 FAMILY RESIDENTIAL CONSTRUCTION LOANS : PAST DUE 90 DAYS OR MORE AND STILL ACCRUING,,0.2059,2011Q1,2025Q3,2011-03-31,,stock,rc_n_past_due.csv,ok,,"Maintainer 2026-09-20: names reviewed, fine."
RC-N,pd90_debtsec,RCFD3506,DEBT SECURITIES AND OTHER ASSETS - PAST DUE 90 DAYS OR MORE AND STILL ACCRUING,,0.7633,1991Q1,2025Q3,1991-03-31,,stock,rc_n_past_due.csv,ok,,"Maintainer 2026-09-20: names reviewed, fine."
RC-N,pd90_famres_first,RCONC237,CLOSED-END LOANS SECURED BY 1-4 FAMILY RESIDENTIAL PROPERTIES:SECURED BY FIRST LIENS-PAST DUE 90 DAYS OR MORE AND STILL ACCRUING,,0.4391,2002Q1,2025Q3,2002-03-31,,stock,rc_n_past_due.csv,ok,,"Maintainer 2026-09-20: names reviewed, fine."
RC-N,pd90_famres_first_lossshare,RCONK058,LOANS AND LEASES COVERED BY LOSS SHARING AGREEMENTS WITH THE FDIC: CLOSED-END LOANS SECURED BY 1-4 FAMILY RESIDENTIAL PROPERTIES :SECURED BY FIRST LIENS - PAST ,,0.1427,2011Q1,2023Q2,2011-03-31,2023-06-30,stock,rc_n_past_due.csv,ok,,"Maintainer 2026-09-20: names reviewed, fine."
RC-N,pd90_famres_junior,RCONC239,CLOSED-END LOANS SECURED BY 1-4 FAMILY RESIDENTIAL PROPERTIES:SECURED BY JUNIOR LIENS-PAST DUE 90 DAYS OR MORE AND STILL ACCRUING,,0.4391,2002Q1,2025Q3,2002-03-31,,stock,rc_n_past_due.csv,ok,,"Maintainer 2026-09-20: names reviewed, fine."
RC-N,pd90_famres_junior_lossshare,RCONK061,LOANS AND LEASES COVERED BY LOSS SHARING AGREEMENTS WITH THE FDIC: CLOSED END LOANS SECURED BY 1-4 FAMILY RESIDENTIAL PROPERTIES :SECURED BY JUNIOR LIENS -PAST ,,0.1427,2011Q1,2023Q2,2011-03-31,2023-06-30,stock,rc_n_past_due.csv,ok,,"Maintainer 2026-09-20: names reviewed, fine."
RC-N,pd90_farmland,RCON3494,LOANS SECURED BY REAL ESTATE (IN DOMESTIC OFFICES): SECURED BY FARMLAND - PAST DUE 90 DAYS OR MORE AND STILL ACCRUING,,0.4975,1991Q1,2025Q3,1991-03-31,,stock,rc_n_past_due.csv,ok,,"Maintainer 2026-09-20: names reviewed, fine."
RC-N,pd90_farmland_lossshare,RCONK052,LOANS AND LEASES COVERED BY LOSS SHARING AGREEMENTS WITH THE FDIC: LOANS SECURED BY RE: SECURED BY FARMLAND -PAST DUE 90 DAYS OR MORE AND STILL ACCRUING,,0.1427,2011Q1,2023Q2,2011-03-31,2023-06-30,stock,rc_n_past_due.csv,ok,,"Maintainer 2026-09-20: names reviewed, fine."
RC-N,pd90_farmland_modified,RCONK131,ITEMIZE LOAN MODIFICATIONS TO BORROWERS EXPERIENCING FINANCIAL DIFFICULTY SECURED BY FARMLAND IN DOMESTIC OFFICES INCLUDED IN ALL OTHER LOANS: PAST DUE 90 DAYS ,,0.2059,2011Q1,2025Q3,2011-03-31,,stock,rc_n_past_due.csv,ok,,"Maintainer 2026-09-20: names reviewed, fine."
RC-N,pd90_finance_cre,RCFD6559,LOANS TO FINANCE COMMERCIAL REAL ESTATE; CONSTRUCTION; AND LAND DEVELOPMENT ACTIVITIES - PAST DUE 90 DAYS OR MORE AND STILL ACCRUING,,0.4975,1991Q1,2025Q3,1991-03-31,,stock,rc_n_past_due.csv,ok,,"Maintainer 2026-09-20: names reviewed, fine."
RC-N,pd90_forgovt,RCFD5390,LOANS TO FOREIGN GOVERNMENTS AND OFFICIAL INSTITUTIONS - PAST DUE 90 DAYS OR MORE AND STILL ACCRUING,,0.3746,1991Q1,2025Q3,1991-03-31,,stock,rc_n_past_due.csv,ok,,"Maintainer 2026-09-20: names reviewed, fine."
RC-N,pd90_heloc,RCON5399,LOANS SECURED BY 1-4 FAMILY RESIDENTIAL PROPERTIES: REVOLVING; OPEN-END LOANS SECURED BY 1-4 FAMILY RESIDENTIAL PROPERTIES AND EXTENDED UNDER LINES OF CREDIT - ,,0.4975,1991Q1,2025Q3,1991-03-31,,stock,rc_n_past_due.csv,ok,,"Maintainer 2026-09-20: names reviewed, fine."
RC-N,pd90_heloc_lossshare,RCONK055,LOANS AND LEASES COVERED BY LOSS SHARING AGREEMENTS WITH THE FDIC: LOANS SECURED BY 1-4 FAMILY RESIDENTIAL PROPERTIES-REVOLVING; OPEN-END LOANS EXTENDED UNDER L,,0.1427,2011Q1,2023Q2,2011-03-31,2023-06-30,stock,rc_n_past_due.csv,ok,,"Maintainer 2026-09-20: names reviewed, fine."
RC-N,pd90_hfs,RCFDC241,LOANS AND LEASES HELD FOR SALE-PAST DUE 90 DAYS OR MORE AND STILL ACCRUING,,0.3934,2002Q1,2025Q3,2002-03-31,,stock,rc_n_past_due.csv,ok,,"Maintainer 2026-09-20: names reviewed, fine."
RC-N,pd90_hfs_fv,RCFDF665,FAIR VALUE OF LOANS AND LEASES HELD FOR SALE - PAST DUE 90 DAYS OR MORE AND STILL ACCRUING,,0.1788,2008Q1,2018Q1,2008-03-31,2018-03-31,stock,rc_n_past_due.csv,ok,,"Maintainer 2026-09-20: names reviewed, fine."
RC-N,pd90_hfs_upb,RCFDF668,UNPAID PRINCIPAL BALANCE OF LOANS AND LEASES HELD FOR SALE - PAST DUE 90 DAYS OR MORE AND STILL ACCRUING,,0.1788,2008Q1,2018Q1,2008-03-31,2018-03-31,stock,rc_n_past_due.csv,ok,,"Maintainer 2026-09-20: names reviewed, fine."
RC-N,pd90_indiv,RCFDK217,LOANS TO INDIVIDUALS FOR HOUSEHOLD; FAMILY AND OTHER PERSONAL EXPENDITURES: OTHER - PAST DUE 90 DAYS OR MORE AND STILL ACCRUING,,0.2386,2011Q1,2025Q3,2011-03-31,,stock,rc_n_past_due.csv,ok,,"Maintainer 2026-09-20: names reviewed, fine."
RC-N,pd90_indiv_modified,RCFDK275,ITEMIZE LOAN MODIFICATIONS TO BORROWERS EXPERIENCING FINANCIAL DIFFICULTY CREDIT CARD LOANS TO INDIVIDUALS FOR HOUSEHOLD; FAMILY; AND OTHER PERSONAL EXPENDITURE,,0.2059,2011Q1,2025Q3,2011-03-31,,stock,rc_n_past_due.csv,ok,,"Maintainer 2026-09-20: names reviewed, fine."
RC-N,pd90_lease_lossshare,RCFDK088,LOANS AND LEASES COVERED BY LOSS SHARING AGREEMENTS WITH THE FDIC: ALL OTHER LOANS AND ALL LEASES: PAST DUE 90 DAYS OR MORE AND STILL ACCRUING,,0.1427,2011Q1,2023Q2,2011-03-31,2023-06-30,stock,rc_n_past_due.csv,ok,,"Maintainer 2026-09-20: names reviewed, fine."
RC-N,pd90_multifam,RCON3500,LOANS SECURED BY REAL ESTATE (IN DOMESTIC OFFICES): SECURED BY MULTIFAMILY (5 OR MORE) RESIDENTIAL PROPERTIES - PAST DUE 90 DAYS OR MORE AND STILL ACCRUING,,0.4975,1991Q1,2025Q3,1991-03-31,,stock,rc_n_past_due.csv,ok,,"Maintainer 2026-09-20: names reviewed, fine."
RC-N,pd90_multifam_lossshare,RCONK064,LOANS AND LEASES COVERED BY LOSS SHARING AGREEMENTS WITH THE FDIC: LOANS SECURED BY RE: SECURED BY MULTIFAMILY (5 OR MORE) RESIDENTIAL PROPERTIES-PAST DUE 90 DA,,0.1427,2011Q1,2023Q2,2011-03-31,2023-06-30,stock,rc_n_past_due.csv,ok,,"Maintainer 2026-09-20: names reviewed, fine."
RC-N,pd90_multifam_modified,RCONK112,LOAN MODIFICATIONS TO BORROWERS EXPERIENCING FINANCIAL DIFFICULTY SECURED BY MULTIFAMILY RESIDENTIAL PROPERTIES IN DOMESTIC OFFICES :PAST DUE 90 DAYS OR MORE AN,,0.2059,2011Q1,2025Q3,2011-03-31,,stock,rc_n_past_due.csv,ok,,"Maintainer 2026-09-20: names reviewed, fine."
RC-N,pd90_nfnres_oth_lossshare,RCONK070,LOANS AND LEASES COVERED BY LOSS SHARING AGREEMENTS WITH THE FDIC: LOANS SECURED BY RE: SECURED BY NONFARM NONRESIDENTIAL PROPERTIES -OTHER -PAST DUE 90 DAYS OR,,0.1427,2011Q1,2023Q2,2011-03-31,2023-06-30,stock,rc_n_past_due.csv,ok,,"Maintainer 2026-09-20: names reviewed, fine."
RC-N,pd90_nfnres_owner_lossshare,RCONK067,LOANS AND LEASES COVERED BY LOSS SHARING AGREEMENTS WITH THE FDIC: LOANS SECURED BY RE: SECURED BY NONFARM NONRESIDENTIAL PROPERTIES -OWNER OCCUPIED -PAST DUE 9,,0.1427,2011Q1,2023Q2,2011-03-31,2023-06-30,stock,rc_n_past_due.csv,ok,,"Maintainer 2026-09-20: names reviewed, fine."
RC-N,pd90_nondep_fin,RCFDPV24,LOANS TO NONDEPOSITORY FINANCIAL INSTITUTIONS INCLUDED IN SCHEDULE RC-N; ITEM 7 - PAST DUE 90 DAYS OR MORE AND STILL ACCRUING,,0.0127,2024Q4,2025Q3,2024-12-31,,stock,rc_n_past_due.csv,ok,,"Maintainer 2026-09-20: names reviewed, fine."
RC-N,pd90_othln,RCFD5460,ALL OTHER LOANS - PAST DUE 90 DAYS OR MORE AND STILL ACCRUING,,0.4975,1991Q1,2025Q3,1991-03-31,,stock,rc_n_past_due.csv,ok,,"Maintainer 2026-09-20: names reviewed, fine."
RC-N,pd90_othln_lossshare,RCFDK073,LOANS AND LEASES COVERED BY LOSS SHARING AGREEMENTS WITH THE FDIC: LOANS TO FINANCE AGRICULTURE PRODUCTION AND OTHER LOANS TO FARMERS : PAST DUE 90 DAYS OR MORE,,0.0629,2011Q1,2016Q4,2011-03-31,2016-12-31,stock,rc_n_past_due.csv,ok,,"Maintainer 2026-09-20: names reviewed, fine."
RC-N,pd90_othln_modified,RCFDK127,LOAN MODIFICATIONS TO BORROWERS EXPERIENCING FINANCIAL DIFFICULTY : ALL OTHER LOANS - PAST DUE 90 DAYS OR MORE AND STILL ACCRUING,,0.2059,2011Q1,2025Q3,2011-03-31,,stock,rc_n_past_due.csv,ok,,"Maintainer 2026-09-20: names reviewed, fine."
RC-N,pd90_re_foreign,RCFNB573,LOANS SECURED BY REAL ESTATE: IN FOREIGN OFFICES - PAST DUE 90 DAYS OR MORE AND STILL ACCRUING,,0.0066,2001Q1,2025Q3,2001-03-31,,stock,rc_n_past_due.csv,ok,,"Maintainer 2026-09-20: names reviewed, fine."
RC-N,pd90_tot_gnma_rebooked,RCFDK043,REBOOKED 'GNMA LOANS' THAT HAVE BEEN REPURCHASED OR ARE ELIGIBLE FOR REPURCHASE INCLUDED IN ITEM 10 - PAST DUE 90 DAYS OR MORE AND STILL ACCRUING,,0.2386,2011Q1,2025Q3,2011-03-31,,stock,rc_n_past_due.csv,ok,,"Maintainer 2026-09-20: names reviewed, fine."
RC-N,pd90_tot_lossshare,RCFDK037,LOANS AND LEASES REPORTED IN THE PAST DUE AND NONACCRUAL LOANS; LEASES AND OTHER ASSETS WHICH ARE WHOLLY OR PARTIALLY GUARANTEED BY THE U.S. GOVERNMENT ; EXCLUD,,0.2386,2011Q1,2025Q3,2011-03-31,,stock,rc_n_past_due.csv,ok,,"Maintainer 2026-09-20: names reviewed, fine."
RC-N,pd90_tot_modified,RCFDHK27,TOTAL LOAN MODIFICATIONS TO BORROWERS EXPERIENCING FINANCIAL DIFFICULTY INCLUDED IN SCHEDULE RC-N ITEMS 1 THROUGH 7 ABOVE AND NOT REPORTED IN SCHEDULE RC-C; PAR,,0.1249,2017Q1,2025Q3,2017-03-31,,stock,rc_n_past_due.csv,ok,,"Maintainer 2026-09-20: names reviewed, fine."
RC-N,pd90_tot_usgtd_portion,RCFDK040,GUARANTEED PORTION OF LOANS AND LEASES INCLUDED IN ITEM 10; EXCLUDING REBOOKED 'GNMA LOANS' PAST DUE 90 DAYS OR MORE AND STILL ACCRUING,,0.2386,2011Q1,2025Q3,2011-03-31,,stock,rc_n_past_due.csv,ok,,"Maintainer 2026-09-20: names reviewed, fine."
RC-O,assessable_allowable_exclusions,RCFDF237,TOTAL ALLOWABLE EXCLUSIONS; INCLUDING INTEREST ACCRUED AND UNPAID ON ALLOWABLE EXCLUSIONS (INCLUDING FOREIGN DEPOSITS),,0.3031,2007Q1,2025Q3,2007-03-31,,stock,rc_o_assessments.csv,ok,,"Maintainer 2026-09-20: names reviewed, fine."
RC-O,assessable_dep_liabilities,RCFDF236,TOTAL DEPOSIT LIABILITIES AS DEFINED IN SECTION 3(1) OF THE FEDERAL DEPOSIT INSURANCE ACT BEFORE EXCLUSIONS,,0.3031,2007Q1,2025Q3,2007-03-31,,stock,rc_o_assessments.csv,ok,,"Maintainer 2026-09-20: names reviewed, fine."
RC-O,holdings_ltd_other_insured_insts,RCFDK655,HOLDINGS OF LONG-TERM UNSECURED DEBT ISSUED BY OTHER FDIC INSURED INSTITUTIONS,,0.2317,2011Q2,2025Q3,2011-06-30,,stock,rc_o_assessments.csv,ok,,"Maintainer 2026-09-20: names reviewed, fine."
RC-O,qavg_consolidated_assets,RCFDK652,AVERAGE CONSOLIDATED TOTAL ASSETS FOR THE CALENDAR QUARTER,,0.2317,2011Q2,2025Q3,2011-06-30,,stock,rc_o_assessments.csv,ok,,"Maintainer 2026-09-20: names reviewed, fine."
RC-O,qavg_tangible_equity,RCFDK654,AVERAGE TANGIBLE EQUITY FOR THE CALENDAR QUARTER,,0.2317,2011Q2,2025Q3,2011-06-30,,stock,rc_o_assessments.csv,ok,,"Maintainer 2026-09-20: names reviewed, fine."
RC-O,unsecured_othbor_1_3yr,RCFDG466,UNSECURED OTHER BORROWINGS WITH A REMAINING MATURITY OF OVER ONE YEAR THROUGH THREE YEARS,,0.2724,2009Q2,2025Q3,2009-06-30,,stock,rc_o_assessments.csv,ok,,"Maintainer 2026-09-20: names reviewed, fine."
RC-O,unsecured_othbor_3_5yr,RCFDG467,UNSECURED OTHER BORROWINGS WITH A REMAINING MATURITY OF OVER THREE YEARS THROUGH FIVE YEARS,,0.2724,2009Q2,2025Q3,2009-06-30,,stock,rc_o_assessments.csv,ok,,"Maintainer 2026-09-20: names reviewed, fine."
RC-O,unsecured_othbor_gt5yr,RCFDG468,UNSECURED OTHER BORROWINGS WITH A REMAINING MATURITY OF OVER FIVE YEARS,,0.2724,2009Q2,2025Q3,2009-06-30,,stock,rc_o_assessments.csv,ok,,"Maintainer 2026-09-20: names reviewed, fine."
RC-O,unsecured_othbor_lte1yr,RCFDG465,UNSECURED OTHER BORROWINGS WITH A REMAINING MATURITY OF ONE YEAR OR LESS,,0.2724,2009Q2,2025Q3,2009-06-30,,stock,rc_o_assessments.csv,ok,,"Maintainer 2026-09-20: names reviewed, fine."
RC-R-I,assets_for_leverage_baselI,RCFDL138,TOTAL ASSETS FOR LEVERAGE CAPITAL PURPOSES,,0.0591,2012Q1,2014Q4,2012-03-31,2014-12-31,stock,rc_r_capital.csv,ok,,"Maintainer 2026-09-20: names reviewed, fine."
RC-R-I,cet1_adjustments_deductions,RCOAP858,TOTAL ADJUSTMENTS AND DEDUCTIONS FOR COMMON EQUITY TIER 1 CAPITAL,,0.1577,2014Q1,2025Q3,2015-03-31,,stock,rc_r_capital.csv,ok,,"Maintainer 2026-09-20: names reviewed, fine."
RC-R-I,cet1_common_stock_surplus,RCOAP742,COMMON EQUITY TIER 1 CAPITAL: COMMON STOCK PLUS RELATED SURPLUS; NET OF TREASURY STOCK AND UNEARNED EMPLOYEE STOCK OWNERSHIP PLAN (ESOP) SHARES,,0.1577,2014Q1,2025Q3,2015-03-31,,stock,rc_r_capital.csv,ok,,"Maintainer 2026-09-20: names reviewed, fine."
RC-R-I,cet1_minority_interest,RCOAP839,COMMON EQUITY TIER 1 MINORITY INTEREST INCLUDABLE IN COMMON EQUITY TIER 1 CAPITAL,,0.1577,2014Q1,2025Q3,2015-03-31,,stock,rc_r_capital.csv,ok,,"Maintainer 2026-09-20: names reviewed, fine."
RC-R-I,leverage_ratio_reported_baselI,RCFD7204,TIER 1 LEVERAGE CAPITAL RATIO,,0.3035,2001Q1,2014Q4,2001-03-31,2014-12-31,stock,rc_r_capital.csv,ok,,"Maintainer 2026-09-20: names reviewed, fine."
RC-R-I,rwa_before_excess_allowance,RCFDB704,RISK-WEIGHTED ASSETS BEFORE DEDUCTIONS FOR EXCESS ALLOWANCE FOR LOAN AND LEASE LOSSES AND ALLOCATED TRANSFER RISK RESERVE - 100%,,0.4353,2001Q1,2025Q3,2001-03-31,,stock,rc_r_capital.csv,ok,,"Maintainer 2026-09-20: names reviewed, fine."
RC-R-I,rwa_bucket_0pct_baselI,RCFDB700,RISK-WEIGHTED ASSETS BY RISK WEIGHT CATEGORY - 0%,,0.3035,2001Q1,2014Q4,2001-03-31,2014-12-31,stock,rc_r_capital.csv,ok,,"Maintainer 2026-09-20: names reviewed, fine."
RC-R-I,rwa_bucket_100pct_baselI,RCFDB703,RISK-WEIGHTED ASSETS BY RISK WEIGHT CATEGORY - 100%,,0.3035,2001Q1,2014Q4,2001-03-31,2014-12-31,stock,rc_r_capital.csv,ok,,"Maintainer 2026-09-20: names reviewed, fine."
RC-R-I,rwa_bucket_20pct_baselI,RCFDB701,RISK-WEIGHTED ASSETS BY RISK WEIGHT CATEGORY - 20%,,0.3035,2001Q1,2014Q4,2001-03-31,2014-12-31,stock,rc_r_capital.csv,ok,,"Maintainer 2026-09-20: names reviewed, fine."
RC-R-I,rwa_bucket_50pct_baselI,RCFDB702,RISK-WEIGHTED ASSETS BY RISK WEIGHT CATEGORY - 50%,,0.3035,2001Q1,2014Q4,2001-03-31,2014-12-31,stock,rc_r_capital.csv,ok,,"Maintainer 2026-09-20: names reviewed, fine."
RC-R-I,tier1_minority_interest_not_cet1,RCOAP862,TIER 1 MINORITY INTEREST NOT INCLUDED IN COMMON EQUITY TIER 1 CAPITAL,,0.1577,2014Q1,2025Q3,2015-03-31,,stock,rc_r_capital.csv,ok,,"Maintainer 2026-09-20: names reviewed, fine."
RC-R-I,tier1_rbc_ratio_reported_baselI,RCFD7206,TIER 1 RISK-BASED CAPITAL RATIO,,0.3035,2001Q1,2014Q4,2001-03-31,2014-12-31,stock,rc_r_capital.csv,ok,,"Maintainer 2026-09-20: names reviewed, fine."
RC-R-I,total_rbc_ratio_reported_baselI,RCFD7205,TOTAL RISK-BASED CAPITAL RATIO,,0.3035,2001Q1,2014Q4,2001-03-31,2014-12-31,stock,rc_r_capital.csv,ok,,"Maintainer 2026-09-20: names reviewed, fine."
RI,provision_credit_tot,RIADJJ33,PROVISIONS FOR CREDIT LOSSES ON FINANCIAL ASSETS,,0.0928,2019Q1,2025Q3,2019-03-31,,ytd,ri_provisions.csv,ok,,"Maintainer 2026-09-20: names reviewed, fine."
RI,provision_ll,RIAD4230,PROVISION FOR LOAN AND LEASE LOSSES,,1.0,1985Q1,2025Q3,,,ytd,ri_provisions.csv,ok,,"Maintainer 2026-09-20: names reviewed, fine."
RI-A,capital_stock_net,RIADB509,SALE; CONVERSION; ACQUISITION; OR RETIREMENT OF CAPITAL STOCK; NET (EXCLUDING TREASURY STOCK TRANSACTIONS),,0.4636,2001Q1,2025Q3,2001-03-31,,ytd,ri_a_equity.csv,ok,,"Maintainer 2026-09-20: names reviewed, fine."
RI-A,div_common,RIAD4460,CASH DIVIDENDS DECLARED ON COMMON STOCK,,0.7083,1985Q1,2025Q3,,,ytd,ri_a_equity.csv,ok,,"Maintainer 2026-09-20: names reviewed, fine."
RI-A,div_preferred,RIAD4470,CASH DIVIDENDS DECLARED ON PREFERRED STOCK,,0.7082,1985Q1,2025Q3,,,ytd,ri_a_equity.csv,ok,,"Maintainer 2026-09-20: names reviewed, fine."
RI-A,equity_end,RIAD3210,TOTAL EQUITY CAPITAL,,0.7084,1985Q1,2025Q3,,,stock,ri_a_equity.csv,ok,,"Maintainer 2026-09-20: names reviewed, fine."
RI-A,equity_prev_yearend,RIAD3217,EQUITY CAPITAL; MOST RECENTLY REPORTED FOR THE END OF PREVIOUS CALENDAR YEAR (I.E.; AFTER ADJUSTMENTS FROM AMENDED REPORTS OF INCOME),,0.7075,1985Q1,2025Q3,,,stock,ri_a_equity.csv,ok,,"Maintainer 2026-09-20: names reviewed, fine."
RI-A,equity_prev_yearend_restated,RIADB508,BALANCE END OF PREVIOUS CALENDAR YEAR AS RESTATED,,0.4636,2001Q1,2025Q3,2001-03-31,,stock,ri_a_equity.csv,ok,,"Maintainer 2026-09-20: names reviewed, fine."
RI-A,oth_comprehensive_income,RIADB511,OTHER COMPREHENSIVE INCOME,,0.4636,2001Q1,2025Q3,2001-03-31,,ytd,ri_a_equity.csv,ok,,"Maintainer 2026-09-20: names reviewed, fine."
RI-A,oth_stockholder_transactions,RIAD4415,OTHER TRANSACTIONS WITH STOCKHOLDERS (INCLUDING PARENT HOLDING COMPANY),,0.7074,1985Q1,2025Q3,,,ytd,ri_a_equity.csv,ok,,"Maintainer 2026-09-20: names reviewed, fine."
RI-A,treasury_stock_net,RIADB510,TREASURY STOCK TRANSACTIONS; NET,,0.4636,2001Q1,2025Q3,2001-03-31,,ytd,ri_a_equity.csv,ok,,"Maintainer 2026-09-20: names reviewed, fine."
RI-B,acl_oth_fin_assets,RCFDJJ03,Allowance for credit losses on other financial assets measured at amortized cost,,0.0379,2019Q1,2025Q3,2020-03-31,,stock,ri_b_chargeoffs.csv,ok,,"Maintainer 2026-09-20: names reviewed, fine."
RI-B,alll_adjustments,RIADC233,ADJUSTMENTS,,0.4391,2002Q1,2025Q3,2002-03-31,,ytd,ri_b_chargeoffs.csv,ok,,"Maintainer 2026-09-20: names reviewed, fine."
RI-B,alll_end,RIAD3123,ALLOWANCE FOR LOAN AND LEASE LOSSES,,0.6663,1985Q1,2025Q3,,,stock,ri_b_chargeoffs.csv,ok,,"Maintainer 2026-09-20: names reviewed, fine."
RI-B,cc_fees_reversed,RIADC388,UNCOLLECTIBLE CREDIT CARD FEES & FINANCE CHARGES REVERSED AGAINST INCOME (I.E.; NOT INCLUDED IN CHARGE-OFFS AGAINST THE ALLOWANCE FOR LOAN AND LEASE LOSSES),,0.0727,2003Q1,2025Q3,2003-03-31,,ytd,ri_b_chargeoffs.csv,ok,,"Maintainer 2026-09-20: names reviewed, fine."
RI-B,co_agprod,RIAD4655,CHARGE-OFFS ON LOANS TO FINANCE AGRICULTURAL PRODUCTION AND OTHER LOANS TO FARMERS,,0.3694,1985Q1,2025Q3,,,ytd,ri_b_chargeoffs.csv,ok,,"Maintainer 2026-09-20: names reviewed, fine."
RI-B,co_auto,RIADK129,CHARGE-OFFS ON AUTOMOBILE LOANS,,0.2386,2011Q1,2025Q3,2011-03-31,,ytd,ri_b_chargeoffs.csv,ok,,"Maintainer 2026-09-20: names reviewed, fine."
RI-B,co_cc,RIADB514,CHARGE-OFFS ON LOANS TO CREDIT CARDS,,0.4636,2001Q1,2025Q3,2001-03-31,,ytd,ri_b_chargeoffs.csv,ok,,"Maintainer 2026-09-20: names reviewed, fine."
RI-B,co_ci,RIAD4638,CHARGE-OFFS ON COMMERCIAL AND INDUSTRIAL LOANS,,0.5098,1985Q1,2025Q3,,,ytd,ri_b_chargeoffs.csv,ok,,"Maintainer 2026-09-20: names reviewed, fine."
RI-B,co_constr_oth,RIADC893,OTHER CONSTRUCTION LOANS AND ALL LAND DEVELOPMENT AND OTHER LAND LOANS; CHARGE-OFFS,,0.3144,2007Q1,2025Q3,2007-03-31,,ytd,ri_b_chargeoffs.csv,ok,,"Maintainer 2026-09-20: names reviewed, fine."
RI-B,co_constr_res14,RIADC891,1-4 FAMILY RESIDENTIAL CONSTRUCTION LOANS; CHARGE-OFFS,,0.3144,2007Q1,2025Q3,2007-03-31,,ytd,ri_b_chargeoffs.csv,ok,,"Maintainer 2026-09-20: names reviewed, fine."
RI-B,co_consumer_oth_ex_auto,RIADK205,CHARGE-OFFS ALL OTHER (INCLUDES SINGLE PAYMENT; INSTALLMENT; ALL STUDENT LOANS; AND REVOLVING CREDIT PLANS OTHER THAN CREDIT CARDS),,0.2386,2011Q1,2025Q3,2011-03-31,,ytd,ri_b_chargeoffs.csv,ok,,"Maintainer 2026-09-20: names reviewed, fine."
RI-B,co_depinst,RIAD4481,CHARGE-OFFS ON LOANS TO DEPOSITORY INSTITUTIONS AND ACCEPTANCES OF OTHER BANKS,,0.3868,1985Q1,2016Q4,,2016-12-31,ytd,ri_b_chargeoffs.csv,ok,,"Maintainer 2026-09-20: names reviewed, fine."
RI-B,co_famres_first,RIADC234,CHARGE-OFFS ON CLOSED-END LOANS BY 1-4 FAMILY RESIDENTIAL PROPERTIES:SECURED BY FIRST LIENS,,0.4391,2002Q1,2025Q3,2002-03-31,,ytd,ri_b_chargeoffs.csv,ok,,"Maintainer 2026-09-20: names reviewed, fine."
RI-B,co_famres_junior,RIADC235,CHARGE-OFFS ON CLOSED-END LOANS SECURED BY 1-4 FAMILY RESIDENTIAL PROPERTIES:SECURED BY JUNIOR LIENS,,0.4391,2002Q1,2025Q3,2002-03-31,,ytd,ri_b_chargeoffs.csv,ok,,"Maintainer 2026-09-20: names reviewed, fine."
RI-B,co_farmland,RIAD3584,CHARGE-OFFS ON LOANS SECURED BY FARMLAND,,0.4975,1991Q1,2025Q3,1991-03-31,,ytd,ri_b_chargeoffs.csv,ok,,"Maintainer 2026-09-20: names reviewed, fine."
RI-B,co_finance_cre,RIAD5409,CHARGE-OFFS ON LOANS TO FINANCE COMMERCIAL REAL ESTATE; CONSTRUCTION; AND LAND DEVELOPMENT ACTIVITIES INCLUDED IN ITEMS 4645; 4646; AND 4644,,0.4975,1991Q1,2025Q3,1991-03-31,,ytd,ri_b_chargeoffs.csv,ok,,"Maintainer 2026-09-20: names reviewed, fine."
RI-B,co_forgovt,RIAD4643,CHARGE-OFFS ON LOANS TO FOREIGN GOVERNMENTS AND OFFICIAL INSTITUTIONS,,0.4845,1985Q1,2025Q3,,,ytd,ri_b_chargeoffs.csv,ok,,"Maintainer 2026-09-20: names reviewed, fine."
RI-B,co_heloc,RIAD5411,CHARGE-OFFS ON REVOLVING; OPEN-END LOANS SECURED BY 1-4 FAMILY RESIDENTIAL PROPERTIES AND EXTENDED UNDER LINES OF CREDIT,,0.4975,1991Q1,2025Q3,1991-03-31,,ytd,ri_b_chargeoffs.csv,ok,,"Maintainer 2026-09-20: names reviewed, fine."
RI-B,co_lease,RIAD4266,CHARGE-OFFS ON LEASE FINANCING RECEIVABLES,,0.9918,1985Q1,2025Q3,,,ytd,ri_b_chargeoffs.csv,ok,,"Maintainer 2026-09-20: names reviewed, fine."
RI-B,co_multifam,RIAD3588,CHARGE-OFFS ON LOANS SECURED BY MULTIFAMILY (5 OR MORE) RESIDENTIAL PROPERTIES,,0.4975,1991Q1,2025Q3,1991-03-31,,ytd,ri_b_chargeoffs.csv,ok,,"Maintainer 2026-09-20: names reviewed, fine."
RI-B,co_nfnres_oth,RIADC897,LOANS SECURED BY OTHER NONFARM NONRESIDENTIAL PROPERTIES: CHARGE-OFFS,,0.3144,2007Q1,2025Q3,2007-03-31,,ytd,ri_b_chargeoffs.csv,ok,,"Maintainer 2026-09-20: names reviewed, fine."
RI-B,co_nfnres_owner,RIADC895,LOANS SECURED BY OWNER-OCCUPIED NONFARM NONRESIDENTIAL PROPERTIES: CHARGE-OFFS,,0.3144,2007Q1,2025Q3,2007-03-31,,ytd,ri_b_chargeoffs.csv,ok,,"Maintainer 2026-09-20: names reviewed, fine."
RI-B,co_othln,RIAD4644,CHARGE-OFFS ON ALL OTHER LOANS,,0.5133,1985Q1,2025Q3,,,ytd,ri_b_chargeoffs.csv,ok,,"Maintainer 2026-09-20: names reviewed, fine."
RI-B,co_tot,RIAD4635,CHARGE-OFFS ON ALLOWANCE FOR LOAN AND LEASE LOSSES,,1.0,1985Q1,2025Q3,,,ytd,ri_b_chargeoffs.csv,ok,,"Maintainer 2026-09-20: names reviewed, fine."
RI-B,provision_afs,RIADJH96,Provisions for credit losses; Available-for-sale debt securities,,0.0379,2019Q1,2025Q3,2019-03-31,,ytd,ri_provisions.csv,ok,,"Maintainer 2026-09-20: names reviewed, fine."
RI-B,provision_htm,RIADJH90,Provisions for credit losses; Held-to-maturity debt securities,,0.0379,2019Q1,2025Q3,2019-03-31,,ytd,ri_provisions.csv,ok,,"Maintainer 2026-09-20: names reviewed, fine."
RI-B,provision_obs,RIADMG93,Provisions for credit losses on off-balance-sheet exposures,,0.0372,2021Q1,2025Q3,2021-03-31,,ytd,ri_provisions.csv,ok,,"Maintainer 2026-09-20: names reviewed, fine."
RI-B,provision_oth_fin,RIADJJ02,Provisions for credit losses on other financial assets measured at amortized cost,,0.0379,2019Q1,2025Q3,2019-03-31,,ytd,ri_provisions.csv,ok,,"Maintainer 2026-09-20: names reviewed, fine."
RI-B,rec_agprod,RIAD4665,RECOVERIES ON LOANS TO FINANCE AGRICULTURAL PRODUCTION AND OTHER LOANS TO FARMERS,,0.3694,1985Q1,2025Q3,,,ytd,ri_b_chargeoffs.csv,ok,,"Maintainer 2026-09-20: names reviewed, fine."
RI-B,rec_auto,RIADK133,RECOVERIES ON AUTOMOBILE LOANS,,0.2386,2011Q1,2025Q3,2011-03-31,,ytd,ri_b_chargeoffs.csv,ok,,"Maintainer 2026-09-20: names reviewed, fine."
RI-B,rec_cc,RIADB515,RECOVERIES ON LOANS TO CREDIT CARDS,,0.4636,2001Q1,2025Q3,2001-03-31,,ytd,ri_b_chargeoffs.csv,ok,,"Maintainer 2026-09-20: names reviewed, fine."
RI-B,rec_ci,RIAD4608,RECOVERIES ON COMMERCIAL AND INDUSTRIAL LOANS,,0.5098,1985Q1,2025Q3,,,ytd,ri_b_chargeoffs.csv,ok,,"Maintainer 2026-09-20: names reviewed, fine."
RI-B,rec_constr_oth,RIADC894,OTHER CONSTRUCTION LOANS AND ALL LAND DEVELOPMENT AND OTHER LAND LOANS; RECOVERIES,,0.3144,2007Q1,2025Q3,2007-03-31,,ytd,ri_b_chargeoffs.csv,ok,,"Maintainer 2026-09-20: names reviewed, fine."
RI-B,rec_constr_res14,RIADC892,1-4 FAMILY RESIDENTIAL CONSTRUCTION LOANS RECOVERIES,,0.3144,2007Q1,2025Q3,2007-03-31,,ytd,ri_b_chargeoffs.csv,ok,,"Maintainer 2026-09-20: names reviewed, fine."
RI-B,rec_consumer_oth_ex_auto,RIADK206,RECOVERIES ALL OTHER (INCLUDES SINGLE PAYMENT; INSTALLMENT; ALL STUDENT LOANS; AND REVOLVING CREDIT PLANS OTHER THAN CREDIT CARDS),,0.2386,2011Q1,2025Q3,2011-03-31,,ytd,ri_b_chargeoffs.csv,ok,,"Maintainer 2026-09-20: names reviewed, fine."
RI-B,rec_depinst,RIAD4482,RECOVERIES ON LOANS TO DEPOSITORY INSTITUTIONS AND ACCEPTANCES OF OTHER BANKS,,0.3868,1985Q1,2016Q4,,2016-12-31,ytd,ri_b_chargeoffs.csv,ok,,"Maintainer 2026-09-20: names reviewed, fine."
RI-B,rec_famres_first,RIADC217,RECOVERIES ON CLOSED-END LOANS SECURED BY 1-4 FAMILY RESIDENTIAL PROPERTIES:SECURED BY FIRST LIENS,,0.4391,2002Q1,2025Q3,2002-03-31,,ytd,ri_b_chargeoffs.csv,ok,,"Maintainer 2026-09-20: names reviewed, fine."
RI-B,rec_famres_junior,RIADC218,RECOVERIES ON CLOSED-END LOANS SECURED BY 1-4 FAMILY RESIDENTIAL PROPERTIES:SECURED BY JUNIOR LIENS,,0.4391,2002Q1,2025Q3,2002-03-31,,ytd,ri_b_chargeoffs.csv,ok,,"Maintainer 2026-09-20: names reviewed, fine."
RI-B,rec_farmland,RIAD3585,RECOVERIES ON LOANS SECURED BY FARMLAND,,0.4975,1991Q1,2025Q3,1991-03-31,,ytd,ri_b_chargeoffs.csv,ok,,"Maintainer 2026-09-20: names reviewed, fine."
RI-B,rec_finance_cre,RIAD5410,RECOVERIES ON LOANS TO FINANCE COMMERCIAL REAL ESTATE; CONSTRUCTION; AND LAND DEVELOPMENT ACTIVITIES INCLUDED IN ITEMS 4617; 4618; AND 4628,,0.4975,1991Q1,2025Q3,1991-03-31,,ytd,ri_b_chargeoffs.csv,ok,,"Maintainer 2026-09-20: names reviewed, fine."
RI-B,rec_forgovt,RIAD4627,RECOVERIES ON LOANS TO FOREIGN GOVERNMENTS AND OFFICIAL INSTITUTIONS,,0.4845,1985Q1,2025Q3,,,ytd,ri_b_chargeoffs.csv,ok,,"Maintainer 2026-09-20: names reviewed, fine."
RI-B,rec_heloc,RIAD5412,RECOVERIES ON REVOLVING; OPEN-END LOANS SECURED BY 1-4 FAMILY RESIDENTIAL PROPERTIES AND EXTENDED UNDER LINES OF CREDIT,,0.4975,1991Q1,2025Q3,1991-03-31,,ytd,ri_b_chargeoffs.csv,ok,,"Maintainer 2026-09-20: names reviewed, fine."
RI-B,rec_lease,RIAD4267,RECOVERIES ON LEASE FINANCING RECEIVABLES,,0.9918,1985Q1,2025Q3,,,ytd,ri_b_chargeoffs.csv,ok,,"Maintainer 2026-09-20: names reviewed, fine."
RI-B,rec_multifam,RIAD3589,RECOVERIES ON LOANS SECURED BY MULTIFAMILY (5 OR MORE) RESIDENTIAL PROPERTIES,,0.4975,1991Q1,2025Q3,1991-03-31,,ytd,ri_b_chargeoffs.csv,ok,,"Maintainer 2026-09-20: names reviewed, fine."
RI-B,rec_nfnres_oth,RIADC898,LOANS SECURED BY OTHER NONFARM NONRESIDENTIAL PROPERTIES: RECOVERIES,,0.3144,2007Q1,2025Q3,2007-03-31,,ytd,ri_b_chargeoffs.csv,ok,,"Maintainer 2026-09-20: names reviewed, fine."
RI-B,rec_nfnres_owner,RIADC896,LOANS SECURED BY OWNER-OCCUPIED NONFARM NONRESIDENTIAL PROPERTIES: RECOVERIES,,0.3144,2007Q1,2025Q3,2007-03-31,,ytd,ri_b_chargeoffs.csv,ok,,"Maintainer 2026-09-20: names reviewed, fine."
RI-B,rec_othln,RIAD4628,RECOVERIES ON ALL OTHER LOANS,,0.5133,1985Q1,2025Q3,,,ytd,ri_b_chargeoffs.csv,ok,,"Maintainer 2026-09-20: names reviewed, fine."
RI-B,rec_tot,RIAD4605,RECOVERIES ON ALLOWANCE FOR LOAN AND LEASE LOSSES,,1.0,1985Q1,2025Q3,,,ytd,ri_b_chargeoffs.csv,ok,,"Maintainer 2026-09-20: names reviewed, fine."
RI-B,writedowns_transfer_to_hfs,RIAD5523,WRITE DOWNS ARISING FROM TRANSFER TO HFS,,0.4574,2001Q2,2025Q3,2001-06-30,,ytd,ri_b_chargeoffs.csv,ok,,"Maintainer 2026-09-20: names reviewed, fine."
