schedule,variable_name,description,formula,inputs,n_inputs,coverage,first_quarter,last_quarter,median_value,config,risk,verdict,note
RC-E,brokered_dep_mat_lte1yr,Brokered deposits maturing within one year; see docs/schedules/RC-E.md on the 2011 and 2017 threshold changes,(brokered_dep_lte250k_mat_lte1yr.fillna(brokered_dep_lt100k_mat_lte1yr_9716.fillna(0) + brokered_dep_100k_250k_mat_lte1yr_1116.fillna(0)) + brokered_dep_gt250k_mat_lte1yr.fillna(0)).where(brokered_dep_lte250k_mat_lte1yr.notna() | brokered_dep_lt100k_mat_lte1yr_9716.notna() | brokered_dep_100k_250k_mat_lte1yr_1116.notna() | brokered_dep_gt250k_mat_lte1yr.notna()),brokered_dep_100k_250k_mat_lte1yr_1116 | brokered_dep_gt250k_mat_lte1yr | brokered_dep_lt100k_mat_lte1yr_9716 | brokered_dep_lte250k_mat_lte1yr,4,0.5985,1996Q1,2025Q3,0.0,rc_e_deposits.csv,1-high: era stitch or computed replacement for a confidential item,,
RC-R-I,cet1_ratio,Common equity tier 1 ratio; COMPUTED as cet1 over risk-weighted assets. Basel III only; so NaN before 2015Q1,cet1 / rwa,cet1 | rwa,2,0.1294,2014Q1,2025Q3,0.15,rc_r_capital.csv,1-high: era stitch or computed replacement for a confidential item,,
CROSS,npl_tot,Nonperforming loans on the standard definition: past due 90+ days and still accruing; plus nonaccrual,pd90_tot + pdl_tot_non,pd90_tot | pdl_tot_non,2,0.8854,1985Q1,2025Q3,392.0,rc_n_past_due.csv,1-high: era stitch or computed replacement for a confidential item,,
CROSS,pastdue_tot,All past due and nonaccrual loans and leases,pd30_tot + pd90_tot + pdl_tot_non,pd30_tot | pd90_tot | pdl_tot_non,3,0.3499,2001Q1,2025Q3,1471.0,rc_n_past_due.csv,1-high: era stitch or computed replacement for a confidential item,,
RC-R-I,rwa,Risk-weighted assets on a consistent basis across the Basel I / Basel III change,rwa_baselIII.fillna(rwa_baselI),rwa_baselI | rwa_baselIII,2,0.5678,1996Q1,2025Q3,83729.0,rc_r_capital.csv,1-high: era stitch or computed replacement for a confidential item,,
RC-R-I,tier1_capital,Tier 1 capital on a consistent basis; Basel III (RCOA8274) from 2015Q1 falling back to Basel I (RCFD8274) before,tier1_capital_baselIII.fillna(tier1_capital_baselI),tier1_capital_baselI | tier1_capital_baselIII,2,0.5961,1996Q1,2025Q3,13459.0,rc_r_capital.csv,1-high: era stitch or computed replacement for a confidential item,,
RC-R-I,tier1_rbc_ratio,Tier 1 risk-based capital ratio; COMPUTED as tier 1 capital over risk-weighted assets. Computed rather than read because the reported ratio is confidential from 2015Q1; see docs/schedules/RC-R-I.md,tier1_capital / rwa,rwa | tier1_capital,2,0.5677,1996Q1,2025Q3,0.14,rc_r_capital.csv,1-high: era stitch or computed replacement for a confidential item,,
RC-R-I,tier2_capital,Tier 2 capital on a consistent basis across the Basel I / Basel III change,tier2_capital_baselIII.fillna(tier2_capital_baselI),tier2_capital_baselI | tier2_capital_baselIII,2,0.4328,2001Q1,2025Q3,1095.0,rc_r_capital.csv,1-high: era stitch or computed replacement for a confidential item,,
RC-R-I,total_rbc_ratio,Total risk-based capital ratio; COMPUTED as total capital over risk-weighted assets,total_capital / rwa,rwa | total_capital,2,0.4328,2001Q1,2025Q3,0.15,rc_r_capital.csv,1-high: era stitch or computed replacement for a confidential item,,
RC-B,ac_afs_tot_toplevel,Amortized cost of AFS securities across the top-level categories carried here; see docs/schedules/RC-B.md on what is and is not included,(ac_afs_ust.fillna(0) + ac_afs_states.fillna(0) + ac_afs_oth_dom.fillna(0) + ac_afs_oth_fgn.fillna(0) + ac_afs_abs.fillna(0)).where(ac_afs_ust.notna() | ac_afs_states.notna() | ac_afs_oth_dom.notna() | ac_afs_oth_fgn.notna() | ac_afs_abs.notna()),ac_afs_abs | ac_afs_oth_dom | ac_afs_oth_fgn | ac_afs_states | ac_afs_ust,5,0.6606,1994Q1,2025Q3,3855.0,rc_b_securities.csv,2-partial: sums only the components carried; NOT a reported total,,
RC-C,amt_ln_smallbiz_ci,Amount outstanding of small commercial and industrial loans (all size buckets),amt_ln_ci_lte100k + amt_ln_ci_100k_250k + amt_ln_ci_250k_1m,amt_ln_ci_100k_250k | amt_ln_ci_250k_1m | amt_ln_ci_lte100k,3,0.2986,1993Q2,2025Q3,8307.0,rc_c_loans.csv,2-partial: sums only the components carried; NOT a reported total,,
RC-C,amt_ln_smallbiz_nfnres,Amount outstanding of small nonfarm nonresidential real estate loans,amt_ln_nfnres_lte100k + amt_ln_nfnres_100k_250k + amt_ln_nfnres_250k_1m,amt_ln_nfnres_100k_250k | amt_ln_nfnres_250k_1m | amt_ln_nfnres_lte100k,3,0.2986,1993Q2,2025Q3,13518.0,rc_c_loans.csv,2-partial: sums only the components carried; NOT a reported total,,
RC-C,amt_ln_smallbiz_tot,Total small business lending: small C&I plus small nonfarm nonresidential CRE,amt_ln_smallbiz_ci + amt_ln_smallbiz_nfnres,amt_ln_smallbiz_ci | amt_ln_smallbiz_nfnres,2,0.2986,1993Q2,2025Q3,23561.0,rc_c_loans.csv,2-partial: sums only the components carried; NOT a reported total,,
RC-C,amt_ln_smallfarm_tot,Total small farm lending: farmland plus agricultural production,amt_ln_farmland_lte100k + amt_ln_farmland_100k_250k + amt_ln_farmland_250k_500k + amt_ln_agprod_lte100k + amt_ln_agprod_100k_250k + amt_ln_agprod_250k_500k,amt_ln_agprod_100k_250k | amt_ln_agprod_250k_500k | amt_ln_agprod_lte100k | amt_ln_farmland_100k_250k | amt_ln_farmland_250k_500k | amt_ln_farmland_lte100k,6,0.2631,1993Q2,2025Q3,2386.0,rc_c_loans.csv,2-partial: sums only the components carried; NOT a reported total,,
RI-A,div_tot,Cash dividends declared on common and preferred stock,div_common + div_preferred,div_common | div_preferred,2,0.7082,1985Q1,2025Q3,30.0,ri_a_equity.csv,3-simple: additive over items in the same era,,
RI-B,net_chargeoffs_tot,Net charge-offs: gross charge-offs less recoveries,co_tot - rec_tot,co_tot | rec_tot,2,1.0,1985Q1,2025Q3,8.0,ri_b_chargeoffs.csv,3-simple: additive over items in the same era,,
RC-K,qavg_sec_tot,Quarterly average of securities across the three reported categories (2001Q1 onward),qavg_sec_ust_agency + qavg_sec_mbs + qavg_sec_oth,qavg_sec_mbs | qavg_sec_oth | qavg_sec_ust_agency,3,0.4636,2001Q1,2025Q3,28251.0,rc_k_quarterly_avg.csv,3-simple: additive over items in the same era,,
RC-E,sweep_dep_insured,Fully insured sweep deposits; affiliate and non-affiliate (2021Q3 onward),sweep_dep_affiliate_insured + sweep_dep_nonaffiliate_insured,sweep_dep_affiliate_insured | sweep_dep_nonaffiliate_insured,2,0.034,2021Q3,2025Q3,0.0,rc_e_deposits.csv,3-simple: additive over items in the same era,,
RC-E,sweep_dep_tot,All sweep deposits reported in Schedule RC-E memoranda (2021Q3 onward),sweep_dep_insured + sweep_dep_uninsured,sweep_dep_insured | sweep_dep_uninsured,2,0.034,2021Q3,2025Q3,0.0,rc_e_deposits.csv,3-simple: additive over items in the same era,,
RC-E,sweep_dep_uninsured,Not-fully-insured sweep deposits; affiliate and non-affiliate (2021Q3 onward),sweep_dep_affiliate_uninsured + sweep_dep_nonaffiliate_uninsured,sweep_dep_affiliate_uninsured | sweep_dep_nonaffiliate_uninsured,2,0.034,2021Q3,2025Q3,0.0,rc_e_deposits.csv,3-simple: additive over items in the same era,,
RC-R-I,total_capital,Total regulatory capital: tier 1 plus tier 2,tier1_capital + tier2_capital,tier1_capital | tier2_capital,2,0.4328,2001Q1,2025Q3,16841.0,rc_r_capital.csv,3-simple: additive over items in the same era,,
RC-D,trad_revaluation_net,Net revaluation gains less losses on trading positions,trad_revaluation_gains - trad_revaluation_losses,trad_revaluation_gains | trad_revaluation_losses,2,0.1708,1994Q1,2025Q3,0.0,rc_d_trading.csv,3-simple: additive over items in the same era,,
RC-O,unsecured_othbor_tot,Unsecured other borrowings across all maturity buckets (2009Q2 onward),unsecured_othbor_lte1yr + unsecured_othbor_1_3yr + unsecured_othbor_3_5yr + unsecured_othbor_gt5yr,unsecured_othbor_1_3yr | unsecured_othbor_3_5yr | unsecured_othbor_gt5yr | unsecured_othbor_lte1yr,4,0.2724,2009Q2,2025Q3,0.0,rc_o_assessments.csv,3-simple: additive over items in the same era,,
