kind,item,mdrm_code,my_call,why,detail,verdict,note
flow_type (balance vs flow),equity_end,RIAD3210,stock,RIAD prefix normally means year-to-date; typed stock where the item is a BALANCE reported on a year-to-date form. Wrong => the column silently becomes the CHANGE in equity.,TOTAL EQUITY CAPITAL,,
flow_type (balance vs flow),equity_prev_yearend,RIAD3217,stock,RIAD prefix normally means year-to-date; typed stock where the item is a BALANCE reported on a year-to-date form. Wrong => the column silently becomes the CHANGE in equity.,EQUITY CAPITAL; MOST RECENTLY REPORTED FOR THE END OF PREVIOUS CALENDAR YEAR (I.E.; AFTER ADJUSTMENTS FROM AMENDED REPOR,,
flow_type (balance vs flow),equity_prev_yearend_restated,RIADB508,stock,RIAD prefix normally means year-to-date; typed stock where the item is a BALANCE reported on a year-to-date form. Wrong => the column silently becomes the CHANGE in equity.,BALANCE END OF PREVIOUS CALENDAR YEAR AS RESTATED,,
flow_type (balance vs flow),capital_stock_net,RIADB509,ytd,RIAD prefix normally means year-to-date; typed stock where the item is a BALANCE reported on a year-to-date form. Wrong => the column silently becomes the CHANGE in equity.,SALE; CONVERSION; ACQUISITION; OR RETIREMENT OF CAPITAL STOCK; NET (EXCLUDING TREASURY STOCK TRANSACTIONS),,
flow_type (balance vs flow),treasury_stock_net,RIADB510,ytd,RIAD prefix normally means year-to-date; typed stock where the item is a BALANCE reported on a year-to-date form. Wrong => the column silently becomes the CHANGE in equity.,TREASURY STOCK TRANSACTIONS; NET,,
flow_type (balance vs flow),oth_comprehensive_income,RIADB511,ytd,RIAD prefix normally means year-to-date; typed stock where the item is a BALANCE reported on a year-to-date form. Wrong => the column silently becomes the CHANGE in equity.,OTHER COMPREHENSIVE INCOME,,
flow_type (balance vs flow),oth_stockholder_transactions,RIAD4415,ytd,RIAD prefix normally means year-to-date; typed stock where the item is a BALANCE reported on a year-to-date form. Wrong => the column silently becomes the CHANGE in equity.,OTHER TRANSACTIONS WITH STOCKHOLDERS (INCLUDING PARENT HOLDING COMPANY),,
flow_type (balance vs flow),div_common,RIAD4460,ytd,RIAD prefix normally means year-to-date; typed stock where the item is a BALANCE reported on a year-to-date form. Wrong => the column silently becomes the CHANGE in equity.,CASH DIVIDENDS DECLARED ON COMMON STOCK,,
flow_type (balance vs flow),div_preferred,RIAD4470,ytd,RIAD prefix normally means year-to-date; typed stock where the item is a BALANCE reported on a year-to-date form. Wrong => the column silently becomes the CHANGE in equity.,CASH DIVIDENDS DECLARED ON PREFERRED STOCK,,
sign=nonneg,co_farmland,RIAD3584,cannot be negative over a quarter,Gross additive flow. Drives the quarterize audit; a NET item here would be falsely flagged.,0.00073 of non-null values are negative,,
sign=nonneg,rec_farmland,RIAD3585,cannot be negative over a quarter,Gross additive flow. Drives the quarterize audit; a NET item here would be falsely flagged.,0.00082 of non-null values are negative,,
sign=nonneg,co_multifam,RIAD3588,cannot be negative over a quarter,Gross additive flow. Drives the quarterize audit; a NET item here would be falsely flagged.,0.00094 of non-null values are negative,,
sign=nonneg,rec_multifam,RIAD3589,cannot be negative over a quarter,Gross additive flow. Drives the quarterize audit; a NET item here would be falsely flagged.,0.00096 of non-null values are negative,,
sign=nonneg,co_lease,RIAD4266,cannot be negative over a quarter,Gross additive flow. Drives the quarterize audit; a NET item here would be falsely flagged.,0.0006 of non-null values are negative,,
sign=nonneg,rec_lease,RIAD4267,cannot be negative over a quarter,Gross additive flow. Drives the quarterize audit; a NET item here would be falsely flagged.,0.00067 of non-null values are negative,,
sign=nonneg,co_depinst,RIAD4481,cannot be negative over a quarter,Gross additive flow. Drives the quarterize audit; a NET item here would be falsely flagged.,0.00035 of non-null values are negative,,
sign=nonneg,rec_depinst,RIAD4482,cannot be negative over a quarter,Gross additive flow. Drives the quarterize audit; a NET item here would be falsely flagged.,0.00055 of non-null values are negative,,
sign=nonneg,rec_tot,RIAD4605,cannot be negative over a quarter,Gross additive flow. Drives the quarterize audit; a NET item here would be falsely flagged.,0.00561 of non-null values are negative,,
sign=nonneg,rec_ci,RIAD4608,cannot be negative over a quarter,Gross additive flow. Drives the quarterize audit; a NET item here would be falsely flagged.,0.00613 of non-null values are negative,,
sign=nonneg,rec_forgovt,RIAD4627,cannot be negative over a quarter,Gross additive flow. Drives the quarterize audit; a NET item here would be falsely flagged.,0.00055 of non-null values are negative,,
sign=nonneg,rec_othln,RIAD4628,cannot be negative over a quarter,Gross additive flow. Drives the quarterize audit; a NET item here would be falsely flagged.,0.00441 of non-null values are negative,,
sign=nonneg,co_tot,RIAD4635,cannot be negative over a quarter,Gross additive flow. Drives the quarterize audit; a NET item here would be falsely flagged.,0.00449 of non-null values are negative,,
sign=nonneg,co_ci,RIAD4638,cannot be negative over a quarter,Gross additive flow. Drives the quarterize audit; a NET item here would be falsely flagged.,0.00592 of non-null values are negative,,
sign=nonneg,co_forgovt,RIAD4643,cannot be negative over a quarter,Gross additive flow. Drives the quarterize audit; a NET item here would be falsely flagged.,0.00055 of non-null values are negative,,
sign=nonneg,co_othln,RIAD4644,cannot be negative over a quarter,Gross additive flow. Drives the quarterize audit; a NET item here would be falsely flagged.,0.0039 of non-null values are negative,,
sign=nonneg,co_agprod,RIAD4655,cannot be negative over a quarter,Gross additive flow. Drives the quarterize audit; a NET item here would be falsely flagged.,0.00162 of non-null values are negative,,
sign=nonneg,rec_agprod,RIAD4665,cannot be negative over a quarter,Gross additive flow. Drives the quarterize audit; a NET item here would be falsely flagged.,0.00284 of non-null values are negative,,
sign=nonneg,co_finance_cre,RIAD5409,cannot be negative over a quarter,Gross additive flow. Drives the quarterize audit; a NET item here would be falsely flagged.,0.00072 of non-null values are negative,,
sign=nonneg,rec_finance_cre,RIAD5410,cannot be negative over a quarter,Gross additive flow. Drives the quarterize audit; a NET item here would be falsely flagged.,0.00087 of non-null values are negative,,
sign=nonneg,co_heloc,RIAD5411,cannot be negative over a quarter,Gross additive flow. Drives the quarterize audit; a NET item here would be falsely flagged.,0.00211 of non-null values are negative,,
sign=nonneg,rec_heloc,RIAD5412,cannot be negative over a quarter,Gross additive flow. Drives the quarterize audit; a NET item here would be falsely flagged.,0.00207 of non-null values are negative,,
sign=nonneg,co_cc_b514,RIADB514,cannot be negative over a quarter,Gross additive flow. Drives the quarterize audit; a NET item here would be falsely flagged.,0.00214 of non-null values are negative,,
sign=nonneg,rec_cc_b515,RIADB515,cannot be negative over a quarter,Gross additive flow. Drives the quarterize audit; a NET item here would be falsely flagged.,0.00232 of non-null values are negative,,
sign=nonneg,co_tot_c079,RIADC079,cannot be negative over a quarter,Gross additive flow. Drives the quarterize audit; a NET item here would be falsely flagged.,0.00451 of non-null values are negative,,
sign=nonneg,rec_famres_first,RIADC217,cannot be negative over a quarter,Gross additive flow. Drives the quarterize audit; a NET item here would be falsely flagged.,0.0043 of non-null values are negative,,
sign=nonneg,rec_famres_junior,RIADC218,cannot be negative over a quarter,Gross additive flow. Drives the quarterize audit; a NET item here would be falsely flagged.,0.00186 of non-null values are negative,,
sign=nonneg,co_famres_first,RIADC234,cannot be negative over a quarter,Gross additive flow. Drives the quarterize audit; a NET item here would be falsely flagged.,0.00396 of non-null values are negative,,
sign=nonneg,co_famres_junior,RIADC235,cannot be negative over a quarter,Gross additive flow. Drives the quarterize audit; a NET item here would be falsely flagged.,0.00187 of non-null values are negative,,
sign=nonneg,co_tot_c388,RIADC388,cannot be negative over a quarter,Gross additive flow. Drives the quarterize audit; a NET item here would be falsely flagged.,0.00045 of non-null values are negative,,
sign=nonneg,co_constr_res14,RIADC891,cannot be negative over a quarter,Gross additive flow. Drives the quarterize audit; a NET item here would be falsely flagged.,0.00152 of non-null values are negative,,
sign=nonneg,rec_constr_res14,RIADC892,cannot be negative over a quarter,Gross additive flow. Drives the quarterize audit; a NET item here would be falsely flagged.,0.00145 of non-null values are negative,,
sign=nonneg,co_constr_oth,RIADC893,cannot be negative over a quarter,Gross additive flow. Drives the quarterize audit; a NET item here would be falsely flagged.,0.00176 of non-null values are negative,,
sign=nonneg,rec_constr_oth,RIADC894,cannot be negative over a quarter,Gross additive flow. Drives the quarterize audit; a NET item here would be falsely flagged.,0.00183 of non-null values are negative,,
sign=nonneg,co_nfnres_owner,RIADC895,cannot be negative over a quarter,Gross additive flow. Drives the quarterize audit; a NET item here would be falsely flagged.,0.00249 of non-null values are negative,,
sign=nonneg,rec_nfnres_owner,RIADC896,cannot be negative over a quarter,Gross additive flow. Drives the quarterize audit; a NET item here would be falsely flagged.,0.00268 of non-null values are negative,,
sign=nonneg,co_nfnres_oth,RIADC897,cannot be negative over a quarter,Gross additive flow. Drives the quarterize audit; a NET item here would be falsely flagged.,0.00228 of non-null values are negative,,
sign=nonneg,rec_nfnres_oth,RIADC898,cannot be negative over a quarter,Gross additive flow. Drives the quarterize audit; a NET item here would be falsely flagged.,0.0023 of non-null values are negative,,
sign=nonneg,co_auto,RIADK129,cannot be negative over a quarter,Gross additive flow. Drives the quarterize audit; a NET item here would be falsely flagged.,0.00439 of non-null values are negative,,
sign=nonneg,rec_auto,RIADK133,cannot be negative over a quarter,Gross additive flow. Drives the quarterize audit; a NET item here would be falsely flagged.,0.00506 of non-null values are negative,,
sign=nonneg,co_cc_k205,RIADK205,cannot be negative over a quarter,Gross additive flow. Drives the quarterize audit; a NET item here would be falsely flagged.,0.00634 of non-null values are negative,,
sign=nonneg,rec_cc_k206,RIADK206,cannot be negative over a quarter,Gross additive flow. Drives the quarterize audit; a NET item here would be falsely flagged.,0.00764 of non-null values are negative,,
sign=nonneg,writedowns_transfer_to_hfs,RIAD5523,cannot be negative over a quarter,Gross additive flow. Drives the quarterize audit; a NET item here would be falsely flagged.,0.00102 of non-null values are negative,,
excluded as confidential,RCONLG24,RCONLG24,excluded from the panel,"Collected but NOT published: every populated cell is the literal ""CONF"", so the column looks fully covered and builds to all-NaN.",RC-C: Number of outstanding Section 4013 loans,,
excluded as confidential,RCONLG25,RCONLG25,excluded from the panel,"Collected but NOT published: every populated cell is the literal ""CONF"", so the column looks fully covered and builds to all-NaN.",RC-C: Outstanding balance of Section 4013 loans,,
excluded as confidential,RCON6999,RCON6999,excluded from the panel,"Collected but NOT published: every populated cell is the literal ""CONF"", so the column looks fully covered and builds to all-NaN.",RC-C: Loans to small businesses indicator,,
excluded as confidential,RCON6860,RCON6860,excluded from the panel,"Collected but NOT published: every populated cell is the literal ""CONF"", so the column looks fully covered and builds to all-NaN.",RC-C: Agricultural loans to small farms indicator,,
