role,term,mdrm_code,mdrm_item_name,cov_in_reconstruction,sum_in_reconstruction_$bn,share_of_reported_total_2017plus,finding
reported total,pdl_tot_non_1403,RCFD1403,TOTAL LOANS AND LEASE FINANCE RECEIVABLES: NONACCRUAL,,,1.0,"The target. Missing 2004Q4-2016Q4 for most banks, which is when the 23-term sum is used instead."
term in reconstruction,na_re_f176,RCONF176,1-4 FAMILY RESIDENTIAL CONSTRUCTION LOANS;  NONACCRUAL,1.0,51.8,0.0047,
term in reconstruction,na_re_f177,RCONF177,OTHER CONSTRUCTION LOANS AND ALL LAND DEVELOPMENT AND OTHER LAND LOANS; NONACCRUAL,1.0,227.7,0.0253,
term in reconstruction,na_re_3495,RCFD3495,LOANS SECURED BY REAL ESTATE (IN DOMESTIC OFFICES): SECURED BY FARMLAND - NONACCRUAL,1.0,28.2,0.0168,
term in reconstruction,na_re_5400,RCFD5400,LOANS SECURED BY 1-4 FAMILY RESIDENTIAL PROPERTIES: REVOLVING; OPEN-END LOANS SECURED BY 1-4 FAMILY RESIDENTIAL PROPERTIES AND EXTENDED UNDER LINES OF CREDIT - NONACCRUAL,1.0,270.8,0.0869,
term in reconstruction,pdl_firstlien_non,RCONC229,CLOSED-END LOANS SECURED BY 1-4 FAMILY RESIDENTIAL PROPERTIES:SECURED BY FIRST LIENS-NONACCURAL,1.0,1232.2,0.2768,
term in reconstruction,na_re_c230,RCONC230,CLOSED-END LOANS SECURED BY 1-4 FAMILY RESIDENTIAL PROPERTIES:SECURED BY JUNIOR LIENS-NONACCURAL,1.0,71.4,0.012,
term in reconstruction,na_re_3501,RCFD3501,LOANS SECURED BY REAL ESTATE (IN DOMESTIC OFFICES): SECURED BY MULTIFAMILY (5 OR MORE) RESIDENTIAL PROPERTIES - NONACCRUAL,1.0,55.2,0.0242,
term in reconstruction,na_re_f182,RCONF182,LOANS SECURED BY OWNER-OCCUPIED NONFARM NONRESIDENTIAL PROPERTIES; NONACCRUAL,1.0,226.0,0.063,
term in reconstruction,na_re_f183,RCONF183,LOANS SECURED BY OTHER NONFARM NONRESIDENTIAL PROPERTIES; NONACCRUAL,1.0,254.1,0.1275,
term in reconstruction,na_dep_5379,RCFD5379,LOANS TO DEPOSITORY INSTITUTIONS AND ACCEPTANCES OF OTHER BANKS: TO U.S. BANKS AND OTHER U.S. DEPOSITORY INSTITUTIONS - NONACCRUAL,0.014,0.0,0.0,031-ONLY SPLIT: 041 filers report the total RCONB836 instead (omitted). Small dollars.
term in reconstruction,na_dep_5382,RCFD5382,LOANS TO DEPOSITORY INSTITUTIONS AND ACCEPTANCES OF OTHER BANKS: TO FOREIGN BANKS - NONACCRUAL,0.324,0.4,0.0002,031-ONLY SPLIT: see na_dep_5379.
term in reconstruction,na_ag_1583,RCFD1583,LOANS TO FINANCE AGRICULTURAL PRODUCTION AND OTHER LOANS TO FARMERS - NONACCRUAL,0.601,12.5,0.0091,"OK, but blank for ~40% of banks: mostly banks with no agricultural loans (see assumed-zero check)."
term in reconstruction,pdl_ci_non_2,RCFD1253,COMMERCIAL AND INDUSTRIAL LOANS TO U.S. ADDRESSEES (DOMICILE) - NONACCRUAL,0.014,188.5,0.1353,"031-ONLY SPLIT: reported by ~1.4% of banks. 041 filers report the C&I total RCFD1608 instead, which the reconstruction omits. Replace 1253+1256 with pdl_ci_non (RCFD1608, else 1224+1253+1256)."
term in reconstruction,pdl_ci_non_3,RCFD1256,COMMERCIAL AND INDUSTRIAL LOANS TO NON-U.S. ADDRESSEES (DOMICILE) - NONACCRUAL,0.324,38.5,0.0365,031-ONLY SPLIT: see pdl_ci_non_2.
term in reconstruction,pdl_cc_non_01,RCFDB577,LOANS TO INDIVIDUALS FOR HOUSEHOLD; FAMILY; AND OTHER PERSONAL EXPENDITURES: CREDIT CARDS - NONACCRUAL,1.0,28.8,0.0142,
term in reconstruction,na_ind_k215,RCFDK215,LOANS TO INDIVIDUALS FOR HOUSEHOLD; FAMILY AND OTHER PERSONAL EXPENDITURES: AUTOMOBILE LOANS - NONACCRUAL,1.0,19.3,0.0351,
term in reconstruction,na_ind_k218,RCFDK218,LOANS TO INDIVIDUALS FOR HOUSEHOLD; FAMILY AND OTHER PERSONAL EXPENDITURES: OTHER - NONACCRUAL,1.0,22.5,0.0103,
term in reconstruction,na_fgov_5391,RCFD5391,LOANS TO FOREIGN GOVERNMENTS AND OFFICIAL INSTITUTIONS - NONACCRUAL,1.0,0.1,0.0001,
term in reconstruction,na_oth_5461,RCFD5461,ALL OTHER LOANS - NONACCRUAL,1.0,46.0,0.0369,
term in reconstruction,na_lease_f168,RCFDF168,LEASES TO INDIVIDUALS FOR HOUSEHOLD; FAMILY; AND OTHER PERSONAL EXPENDITURES; NONACCRUAL,0.324,0.1,0.0003,031-ONLY SPLIT: 041 filers report the lease total RCON1228 instead (omitted). Small dollars.
term in reconstruction,na_lease_f171,RCFDF171,ALL OTHER LEASES; NONACCRUAL,0.014,8.0,0.0052,031-ONLY SPLIT: see na_lease_f168.
term in reconstruction,na_re_b574,RCFNB574,LOANS SECURED BY REAL ESTATE: IN FOREIGN OFFICES - NONACCRUAL,0.014,18.7,0.0071,
term in reconstruction,na_re_f663,RCONF663,LOAN MODIFICATIONS TO BORROWERS EXPERIENCING FINANCIAL DIFFICULTY SECURED BY 1-4 RESIDENTIAL PROPERTIES (IN DOMESTIC OFFICES) - NONACCRUAL,1.0,600.6,0.1256,"DOUBLE COUNT: RC-N memorandum item (modified loans, 1-4 family). These loans are already inside C229/C230/5400. Remove."
missing total,pdl_ci_non_01,RCFD1608,COMMERCIAL AND INDUSTRIAL LOANS - NONACCRUAL,,,,"MISSING: C&I nonaccrual total, ~98% of banks in 2011-2016. Already in config; stitched as pdl_ci_non."
missing total,(not in config),RCON1228,LEASE FINANCING RECEIVABLES - NONACCRUAL,,,,"MISSING: lease financing receivables nonaccrual total, 98.6% of banks in 2013Q4."
missing total,(not in config),RCONB836,LOANS TO DEPOSITORY INSTITUTIONS AND ACCEPTANCES OF OTHER BANKS - NONACCRUAL,,,,"MISSING: loans to depository institutions nonaccrual total, 98.6% of banks in 2013Q4."
