split,column,role,codes,mdrm_definitions,coverage,first_quarter,last_quarter,bec_uses_it,consistent_series,verdict,note
accrued interest,accrued_int_loans_pre01,through 2000Q4,RCFD2164,RCFD2164: INCOME EARNED; NOT COLLECTED ON LOANS [12/31/1978..12/31/2000],0.5363,1985Q1,2000Q4,a1 fin_pv_float; imp_checks footing (from 1997Q2),none: no all-asset code before 2001,,
accrued interest,accrued_int,from 2001Q1,RCFDB556,RCFDB556: ACCRUED INTEREST RECEIVABLE [3/31/2001 ..12/31/9999],0.4636,2001Q1,2025Q3,same,none,,
credit-card loans,ln_cc_incl_revolving_pre01,through 2000Q4,RCFD2008,RCFD2008: CREDIT CARDS AND RELATED PLANS [3/31/1984 ..12/31/2000],0.5355,1985Q1,2000Q4,dd1 cc_share; p1 cc_share (as legacy ln_cc),ln_cc_incl_revolving = 2008 -> B538 + B539,,
credit-card loans,ln_cc,from 2001Q1,RCFDB538,RCFDB538: LOANS TO INDIVIDUALS FOR HOUSEHOLD; FAMILY; AND OTHER PERSONAL EXPENDI [3/31/2001 ..12/31/9999],0.4636,2001Q1,2025Q3,same,ln_cc_incl_revolving,,
credit-card loans,ln_revolving_oth,from 2001Q1,RCFDB539,RCFDB539: LOANS TO INDIVIDUALS FOR HOUSEHOLD; FAMILY; AND OTHER PERSONAL EXPENDI [3/31/2001 ..12/31/9999],0.4636,2001Q1,2025Q3,p1 cons_share (inside legacy ln_othcons),ln_cc_incl_revolving,,
credit-card loans,ln_cc_incl_revolving,"consistent, all years",RCFD2008 -> RCFDB538 + RCFDB539,RCFD2008: CREDIT CARDS AND RELATED PLANS [3/31/1984 ..12/31/2000]; RCFDB538: LOANS TO INDIVIDUALS FOR HOUSEHOLD; FAMILY; AND OTHER PERSONAL EXPENDI [3/31/2001 ..12/31/9999]; RCFDB539: LOANS TO INDIVIDUALS FOR HOUSEHOLD; FAMILY; AND OTHER PERSONAL EXPENDI [3/31/2001 ..12/31/9999],0.9991,1985Q1,2025Q3,-,this is the consistent series (-3.4% over the same banks at 2001Q1),,
other consumer loans,ln_consumer_oth,"consistent, all years",RCFD2011 -> RCFDK137 + RCFDK207,RCFD2011: OTHER LOANS [3/31/1984 ..12/31/9999]; RCFDK137: AUTOMOBILE LOANS TO INDIVIDUALS FOR HOUSEHOLD; FAMILY; AND OTHER PERSO [3/31/2011 ..12/31/9999]; RCFDK207: OTHER CONSUMER LOANS TO INDIVIDUALS FOR HOUSEHOLD; FAMILY; AND OTHER P [3/31/2011 ..12/31/9999],0.9991,1985Q1,2025Q3,p1 cons_share (legacy ln_othcons added B539 from 2001; retired),"this is the consistent series (+3.3% at 2001Q1, -0.3% at 2011Q1)",,
credit-card nonaccrual,na_cc_incl_revolving_pre01,through 2000Q4,RCFD5385 (031) else RCON1220,RCFD5385: LOANS TO INDIVIDUALS FOR HOUSEHOLD; FAMILY; AND OTHER PERSONAL EXPENDI [3/31/1991 ..12/31/2000]; RCON1220: CREDIT CARDS AND RELATED PLANS - NONACCRUAL [3/31/1984 ..12/31/2000],0.5073,1985Q1,2000Q4,-,none: revolving-plan nonaccruals have no code after 2001 (they sit inside B580 / K218 with all other consumer),,
credit-card nonaccrual,na_cc,from 2001Q1,RCFDB577,RCFDB577: LOANS TO INDIVIDUALS FOR HOUSEHOLD; FAMILY; AND OTHER PERSONAL EXPENDI [3/31/2001 ..12/31/9999],0.4636,2001Q1,2025Q3,na_tot term,none,,
credit-card nonaccrual,PROPOSED na_consumer_tot,from 2001Q1 (031 filers from 1991),"RCFD5385 + RCFD5388 (031, pre-2001) -> RCFDB577 + RCFDB580 -> RCFDB577 + RCFDK215 + RCFDK218",RCFD5385: LOANS TO INDIVIDUALS FOR HOUSEHOLD; FAMILY; AND OTHER PERSONAL EXPENDI [3/31/1991 ..12/31/2000]; RCFD5388: LOANS TO INDIVIDUALS FOR HOUSEHOLD; FAMILY; AND OTHER PERSONAL EXPENDI [3/31/1991 ..12/31/2000]; RCFDB577: LOANS TO INDIVIDUALS FOR HOUSEHOLD; FAMILY; AND OTHER PERSONAL EXPENDI [3/31/2001 ..12/31/9999]; RCFDB580: LOANS TO INDIVIDUALS FOR HOUSEHOLD; FAMILY; AND OTHER PERSONAL EXPENDI [3/31/2001 ..12/31/9999]; RCFDB577: LOANS TO INDIVIDUALS FOR HOUSEHOLD; FAMILY; AND OTHER PERSONAL EXPENDI [3/31/2001 ..12/31/9999]; RCFDK215: LOANS TO INDIVIDUALS FOR HOUSEHOLD; FAMILY AND OTHER PERSONAL EXPENDIT [3/31/2011 ..12/31/9999]; RCFDK218: LOANS TO INDIVIDUALS FOR HOUSEHOLD; FAMILY AND OTHER PERSONAL EXPENDIT [3/31/2011 ..12/31/9999],,,,-,total consumer nonaccrual; B577+B580 equals the FDIC-derived RCFD1981 for 100% of banks 2005-2010; -3.2% at 2011Q1. Not reported before 2001 for non-031 filers.,,
