event,quarters,rows,n_columns,example_columns,reason
1,1985-06-30,3,3,"na_cc_incl_revolving_pre01, na_lease, pdl_ci_non_1","Collection of these three RC-N detail items (C&I nonaccrual, credit-card nonaccrual, lease nonaccrual) begins in earnest at 1985Q2: 11pct of 041-bucket filers carry them in 1985Q1, 95pct from 1985Q2 on, steady afterwards. Start of collection at the very beginning of the panel, not a break."
2,1987-03-31,1,1,oth_savings_dep_87,"Item introduced at 1987Q1 (other savings deposits, RCON6810 era)."
3,1997-03-31,2,1,time_cod_gt100k_dom,"Large time-deposit item (time_cod_gt100k_dom) retired at 1997Q1, replaced by the 1997Q2 remaining-maturity schedule."
4,1997-06-30,4,2,"debtsec_mat_repr_lte1yr, time_dep_lt100k_mat_lte1yr_9716","Items introduced at 1997Q2: the remaining-maturity/repricing schedule (debt securities, time deposits < $100k) begins with the 1997Q2 form revision."
5,2001-03-31,74,74,"ac_afs_oth_dom, ac_afs_oth_fgn, afs_odom_dsec, afs_ofgn_dsec, dep_forgovt_nontrans, dep_forgovt_trans, fidu_income, for_bank_dep_non_trans_acc ...","2001Q1 form consolidation: FFIEC 032/033/034 folded into the 041. Before 2001 the inferred 041 bucket is mostly 032/033/034 filers, whose forms did not collect these items (share ~0.12 = the true 041 filers); from 2001Q1 every 041 filer reports them. A population change in the bucket, not a reporting break."
6,2002-03-31,1,1,fdic_uninsur_depos,RC-O uninsured-deposit estimate required of all 031 filers from 2002Q1.
7,2006-03-31,23,22,"ac_htm_abs_1, ac_htm_abs_2, ac_htm_abs_3, ac_htm_abs_4, ac_htm_abs_5, ac_htm_abs_6, ac_htm_abs_pre06, fdic_uninsur_depos ...",2006Q1 revision: the RC-B asset-backed securities detail (abs_1..6) and the RC-O uninsured-deposits estimate became reportable only above thresholds ($1bn assets for the uninsured estimate). Share falls to ~0.08 = the large banks. Conditional from 2006Q1.
8,2008-03-31,25,23,"assessable_allowable_exclusions, assessable_dep_liabilities, ln_condev_07, ln_condev_1, ln_condev_2, ln_crelandconst, ln_other_re_08, ln_other_re_1 ...","RC-O assessment-base items (assessable deposits, allowable exclusions) extended from large-bank-only to all filers at 2008Q1 (FDIC assessment reform). Construction split items (condev_07 etc.) begin 2008Q1 with the 2007 RC-C construction split fully phased in."
9,2008-06-30,26,13,"amt_ln_agprod_100k_250k, amt_ln_agprod_250k_500k, amt_ln_agprod_lte100k, amt_ln_farmland_100k_250k, amt_ln_farmland_250k_500k, amt_ln_farmland_lte100k, amt_ln_smallfarm_tot, n_ln_agprod_100k_250k ...",RC-C Part II small business / small farm detail: the 2008Q2 revision added the yes/no screen (RCON6999 / RCON6860); a bank whose loans in these categories are all $100k or less answers yes and skips the size-bucket detail. Share falls to ~0.65 = banks with larger loans. Conditional from 2008Q2.
10,2008-06-30,16,10,"hfs_famres_ln, hfs_famres_ln_pre18, hfs_famres_loc_1, hfs_famres_loc_2, na_hfs_fv, na_hfs_upb, pd30_hfs_fv, pd30_hfs_upb ...","Held-for-sale and fair-value RC-N memoranda (na_hfs_*, pd30/pd90_hfs_*) and the 1-4 family HFS items were introduced or extended to all filers at 2008Q2."
11,2008-12-31,44,22,"fv_ln_cons, fv_ln_cons_1, fv_ln_cons_2, fv_ln_cons_3, fv_ln_cons_pre18, fv_ln_famres, fv_ln_famres_1, fv_ln_famres_2 ...","Fair-value-option loan items (RC-Q / RC-C fair value) became reportable only by banks electing the fair value option from 2008Q4; share falls from 1.00 to ~0.04 = the electing banks. Conditional item, not a break."
12,2015-03-31,7,7,"cet1, cet1_adjustments_deductions, cet1_common_stock_surplus, cet1_minority_interest, cet1_ratio, t1_cet1_before_adj, tier1_minority_interest_not_cet1","Basel III phase-in: advanced approaches institutions adopted the revised capital rule on 2014-01-01, everyone else on 2015-01-01. The common equity tier 1 items therefore exist for ~19pct of 031 filers through 2014Q4 (the early adopters) and for every filer from 2015Q1. Regulatory timing, not a break."
13,2015-03-31,3,2,"aoci_opt_out, ln_condev_interest_reserve",Basel III revision at 2015Q1: the AOCI opt-out election (aoci_opt_out) is new; the construction interest-reserve memo item begins the same quarter.
14,2017-03-31,37,37,"amt_ln_agprod_100k_250k, amt_ln_agprod_250k_500k, amt_ln_agprod_lte100k, amt_ln_farmland_100k_250k, amt_ln_farmland_250k_500k, amt_ln_farmland_lte100k, amt_ln_smallfarm_tot, for_bank_for_dep ...","2017Q1: the FFIEC 031 became required for banks with $100bn+ in assets regardless of foreign offices, and the 051 took the smallest banks off the 041. The 031 bucket gained large domestic banks that report every item, so shares rise within the 031 (0.54 -> 0.93). Population change in the bucket."
15,2017-06-30,15,14,"amt_ln_agprod_100k_250k, amt_ln_agprod_250k_500k, amt_ln_agprod_lte100k, amt_ln_farmland_100k_250k, amt_ln_farmland_250k_500k, amt_ln_farmland_lte100k, amt_ln_smallfarm_tot, deriv_pos_fv ...","031 filers: RC-C Part II small-farm / small-business detail is reported by ~0.6-0.65 of 031 banks (those holding such loans). 2017Q1, the quarter the 031 population changed, shows a one-off 0.97; 2017Q2 is the return to the normal conditional share. Not a break in the series, a one-quarter artifact in the transition quarter. deriv_pos_fv on both forms also steps down at 2017Q2 (population change); grouped here."
16,2018-03-31,5,3,"ac_afs_mutual_funds_9720, afs_inv_mf_eqsec, ln_condev_interest_reserve","ASU 2016-01 (equity securities out of AFS): A511 / 9720 stop for adopters at 2018Q1 as JA22 begins. Definition change, published as separate series (see CAVEATS section 9). The construction interest-reserve item was retired in the 2018 revision."
17,2018-06-30,23,22,"ac_htm_abs_1, ac_htm_abs_2, ac_htm_abs_3, ac_htm_abs_4, ac_htm_abs_5, ac_htm_abs_6, ac_htm_abs_pre06, fv_afs_abs_1 ...",2018Q2 burden-relief revision: RC-B ABS detail and the RC-K quarterly-average trading assets became reportable only above thresholds ($10m trading assets for the average). Share falls to ~0.05-0.06 = banks above the threshold.
18,2018-09-30,28,10,"ac_htm_sold_or_transferred_ytd, ln_closedend_negative_amortization, pci_balance_na, pci_balance_pd30, pci_balance_pd90, pci_carrying_na, pci_carrying_pd30, pci_carrying_pd90 ...","2018Q3 burden-relief revision: purchased-credit-impaired items, HTM sold/transferred, negative-amortization loans and credit-card commitment lines moved from quarterly to semiannual (Q2/Q4) collection. Raw coverage 0.99/0.99/0.05/0.99 in 2018 and 0.05/0.98/0.05/0.98 in 2019. The classifier declares the new frequency after three years; these are the transition quarters."
19,2018-12-31,29,11,"ac_htm_sold_or_transferred_ytd, deriv_pos_fv, ln_closedend_negative_amortization, pci_balance_na, pci_balance_pd30, pci_balance_pd90, pci_carrying_na, pci_carrying_pd30 ...",Same as 2018-09-30: the Q4 half of the new semiannual pattern.
20,2019-09-30,36,36,"ira_acc_tot, na_agprod_modified, na_auto_modified, na_cc_modified, na_ci_modified, na_constr_oth_modified, na_constr_res14_modified, na_farmland_modified ...","051 filers report the RC-N loan-modification items semiannually (Q2/Q4). The frequency classifier needs three years of the pattern before declaring it; 2019Q3/Q4 are the last quarters before it does. Semiannual collection, not a break. IRA accounts (ira_acc_tot) likewise semiannual on the 051."
21,2019-12-31,36,36,"ira_acc_tot, na_agprod_modified, na_auto_modified, na_cc_modified, na_ci_modified, na_constr_oth_modified, na_constr_res14_modified, na_farmland_modified ...",Same as 2019-09-30: the Q4 half of the 051 semiannual pattern for the modification items.
22,2020-03-31,15,8,"cet1_ratio, rwa, rwa_before_excess_allowance, tier1_rbc_ratio, tier2_capital, total_capital, total_rbc_ratio, ytd_cecl_htm_dsec_cp_bal","2020Q1: the community bank leverage ratio (CBLR) election lets qualifying banks stop reporting risk-weighted assets and the risk-based capital ratios (share falls to 0.79 of 041 and 0.62 of 051 filers = non-electors); the large banks adopting CECL at 2020Q1 begin the CECL HTM securities allowance item. Both are elections, not breaks."
23,2020-06-30,12,9,"ac_afs_mutual_funds_9720, afs_inv_mf_eqsec, equitysec_20, pci_balance_na, pci_balance_pd30, pci_balance_pd90, pci_carrying_na, pci_carrying_pd30 ...","2020Q2: the ASU 2016-01 adoption wave for smaller reporting companies -- equity securities move from the AFS lines (A511 / 9720) to JA22; on the 031 the purchased-credit-impaired items fall to the non-CECL-adopters (PCI is a pre-CECL concept). Adoption timing, not a break."
24,2020-12-31,1,1,equitysec_20,ASU 2016-01 adoption completed for the smallest (051) filers at 2020Q4: equitysec_20 reaches full coverage.
25,2021-03-31,13,13,"amt_ln_agprod_100k_250k, amt_ln_agprod_250k_500k, amt_ln_agprod_lte100k, amt_ln_farmland_100k_250k, amt_ln_farmland_250k_500k, amt_ln_farmland_lte100k, amt_ln_smallfarm_tot, n_ln_agprod_100k_250k ...","031 filers: from 2021Q1 the RC-C Part II small-farm / small-business detail is reported by every 031 filer (share 0.60 -> 1.00 and stays), i.e. zero rather than blank when not applicable. Representation change, not a reporting break."
26,2023-03-31,33,21,"acl_oth_fin_assets, cecl_ln_cc_allow_bal, cecl_ln_cc_am_cost, cecl_ln_com_allow_bal, cecl_ln_com_am_cost, cecl_ln_const_allow_bal, cecl_ln_const_am_cost, cecl_ln_cre_allow_bal ...",CECL adoption by all remaining institutions at 2023Q1 (ASU 2016-13): the CECL allowance and provision items go from the early adopters (~0.03 of 051 filers) to nearly everyone.
27,2023-06-30,18,6,"pci_balance_na, pci_balance_pd30, pci_balance_pd90, pci_carrying_na, pci_carrying_pd30, pci_carrying_pd90",Purchased-credit-impaired items are a pre-CECL concept; after CECL became universal at 2023Q1 they are reported by a ~4% residual and retired. Not a break.
