file,kind,item,verdict,note,decided_on
02_derived.csv,,rwa,ok,Basel I/III stitch accepted. Regimes agree where both filed (ratio 1.0000 at median/p10/p90 across 48 bank-quarters) so the era pieces are no longer published - see [INTERMEDIATE] in rc_r_capital.csv.,2026-08-30
02_derived.csv,,tier1_capital,ok,Same Basel I/III stitch decision as rwa; era pieces withheld.,2026-08-30
02_derived.csv,,tier2_capital,ok,Same Basel I/III stitch decision as rwa; era pieces withheld.,2026-08-30
02_derived.csv,,total_capital,ok,Inherits the Basel stitch via tier1_capital + tier2_capital.,2026-08-30
02_derived.csv,,tier1_rbc_ratio,ok,Computed because the reported ratio is confidential from 2015Q1. Validated at median computed/reported 1.0000.,2026-08-30
02_derived.csv,,total_rbc_ratio,ok,Computed replacement for a confidential item; validated as above.,2026-08-30
02_derived.csv,,cet1_ratio,ok,Computed replacement. Coverage 0.129: starts 2014Q1 and CBLR removes RWA reporting for a third of banks from 2020Q1. Documented in docs/schedules/RC-R-I.md.,2026-08-30
02_derived.csv,,npl_tot,ok,"Accepted with caveat. 88.5% reported RCFD1403; the 11.5% reconstruction runs almost entirely 2010-2019 where its median error is 6-8%, with a bounded 0.41% downward bias from assumed zeros. Documented in docs/schedules/RC-N.md.",2026-08-30
02_derived.csv,,pastdue_tot,ok,Same caveat as npl_tot. Also note coverage starts 2001Q1 because pd30_tot (RCFD1406) is not collected earlier.,2026-08-30
02_derived.csv,,ac_afs_tot_toplevel,ok,"Partial aggregate accepted: sums only the components carried, not a reported total.",2026-08-30
02_derived.csv,,amt_ln_smallbiz_tot,ok,Partial aggregate accepted.,2026-08-30
02_derived.csv,,amt_ln_smallbiz_ci,ok,Partial aggregate accepted.,2026-08-30
02_derived.csv,,amt_ln_smallbiz_nfnres,ok,Partial aggregate accepted.,2026-08-30
02_derived.csv,,amt_ln_smallfarm_tot,ok,Partial aggregate accepted.,2026-08-30
02_derived.csv,,brokered_dep_mat_lte1yr,ok,"Three-regime stitch accepted: A243+A244 (1996Q1-2010Q4), A243+K219+K220 (2011Q1-2016Q4), HK06+K220 (2017Q1-). Each era is a complete non-overlapping denomination partition of brokered deposits with remaining maturity <=1yr; balanced-panel steps -1.9% at 2011Q1 and -0.6% at 2017Q1. RCONA244 was missing until 2026-08-31 (52-78% of pre-2011 value).",2026-09-19
03_domain_calls.csv,flow_type (balance vs flow),equity_end,ok,Maintainer confirmed: a BALANCE reported on the RI-A form -- not quarterized.,2026-09-19
03_domain_calls.csv,flow_type (balance vs flow),equity_prev_yearend,ok,Maintainer confirmed: a BALANCE reported on the RI-A form -- not quarterized.,2026-09-19
03_domain_calls.csv,flow_type (balance vs flow),equity_prev_yearend_restated,ok,Maintainer confirmed: a BALANCE reported on the RI-A form -- not quarterized.,2026-09-19
03_domain_calls.csv,flow_type (balance vs flow),capital_stock_net,ok,Maintainer confirmed: a year-to-date FLOW -- quarterized.,2026-09-19
03_domain_calls.csv,flow_type (balance vs flow),treasury_stock_net,ok,Maintainer confirmed: a year-to-date FLOW -- quarterized.,2026-09-19
03_domain_calls.csv,flow_type (balance vs flow),oth_comprehensive_income,ok,Maintainer confirmed: a year-to-date FLOW -- quarterized.,2026-09-19
03_domain_calls.csv,flow_type (balance vs flow),oth_stockholder_transactions,ok,Maintainer confirmed: a year-to-date FLOW -- quarterized.,2026-09-19
03_domain_calls.csv,flow_type (balance vs flow),div_common,ok,Maintainer confirmed: a year-to-date FLOW -- quarterized.,2026-09-19
03_domain_calls.csv,flow_type (balance vs flow),div_preferred,ok,Maintainer confirmed: a year-to-date FLOW -- quarterized.,2026-09-19
03_domain_calls.csv,sign=nonneg,co_farmland,ok,"Maintainer confirmed: a gross one-signed flow. Banks essentially never REPORT a negative (0.000-0.001% of 1.4M year-to-date filings); the 0.2-0.8% quarterly negatives are artifacts of converting year-to-date to quarters after mergers and restatements. Only NET charge-offs are two-signed (recoveries exceed charge-offs in 14% of bank-years), and net_chargeoffs_tot carries no constraint.",2026-09-19
03_domain_calls.csv,sign=nonneg,rec_farmland,ok,"Maintainer confirmed: a gross one-signed flow. Banks essentially never REPORT a negative (0.000-0.001% of 1.4M year-to-date filings); the 0.2-0.8% quarterly negatives are artifacts of converting year-to-date to quarters after mergers and restatements. Only NET charge-offs are two-signed (recoveries exceed charge-offs in 14% of bank-years), and net_chargeoffs_tot carries no constraint.",2026-09-19
03_domain_calls.csv,sign=nonneg,co_multifam,ok,"Maintainer confirmed: a gross one-signed flow. Banks essentially never REPORT a negative (0.000-0.001% of 1.4M year-to-date filings); the 0.2-0.8% quarterly negatives are artifacts of converting year-to-date to quarters after mergers and restatements. Only NET charge-offs are two-signed (recoveries exceed charge-offs in 14% of bank-years), and net_chargeoffs_tot carries no constraint.",2026-09-19
03_domain_calls.csv,sign=nonneg,rec_multifam,ok,"Maintainer confirmed: a gross one-signed flow. Banks essentially never REPORT a negative (0.000-0.001% of 1.4M year-to-date filings); the 0.2-0.8% quarterly negatives are artifacts of converting year-to-date to quarters after mergers and restatements. Only NET charge-offs are two-signed (recoveries exceed charge-offs in 14% of bank-years), and net_chargeoffs_tot carries no constraint.",2026-09-19
03_domain_calls.csv,sign=nonneg,co_lease,ok,"Maintainer confirmed: a gross one-signed flow. Banks essentially never REPORT a negative (0.000-0.001% of 1.4M year-to-date filings); the 0.2-0.8% quarterly negatives are artifacts of converting year-to-date to quarters after mergers and restatements. Only NET charge-offs are two-signed (recoveries exceed charge-offs in 14% of bank-years), and net_chargeoffs_tot carries no constraint.",2026-09-19
03_domain_calls.csv,sign=nonneg,rec_lease,ok,"Maintainer confirmed: a gross one-signed flow. Banks essentially never REPORT a negative (0.000-0.001% of 1.4M year-to-date filings); the 0.2-0.8% quarterly negatives are artifacts of converting year-to-date to quarters after mergers and restatements. Only NET charge-offs are two-signed (recoveries exceed charge-offs in 14% of bank-years), and net_chargeoffs_tot carries no constraint.",2026-09-19
03_domain_calls.csv,sign=nonneg,co_depinst,ok,"Maintainer confirmed: a gross one-signed flow. Banks essentially never REPORT a negative (0.000-0.001% of 1.4M year-to-date filings); the 0.2-0.8% quarterly negatives are artifacts of converting year-to-date to quarters after mergers and restatements. Only NET charge-offs are two-signed (recoveries exceed charge-offs in 14% of bank-years), and net_chargeoffs_tot carries no constraint.",2026-09-19
03_domain_calls.csv,sign=nonneg,rec_depinst,ok,"Maintainer confirmed: a gross one-signed flow. Banks essentially never REPORT a negative (0.000-0.001% of 1.4M year-to-date filings); the 0.2-0.8% quarterly negatives are artifacts of converting year-to-date to quarters after mergers and restatements. Only NET charge-offs are two-signed (recoveries exceed charge-offs in 14% of bank-years), and net_chargeoffs_tot carries no constraint.",2026-09-19
03_domain_calls.csv,sign=nonneg,rec_tot,ok,"Maintainer confirmed: a gross one-signed flow. Banks essentially never REPORT a negative (0.000-0.001% of 1.4M year-to-date filings); the 0.2-0.8% quarterly negatives are artifacts of converting year-to-date to quarters after mergers and restatements. Only NET charge-offs are two-signed (recoveries exceed charge-offs in 14% of bank-years), and net_chargeoffs_tot carries no constraint.",2026-09-19
03_domain_calls.csv,sign=nonneg,rec_ci,ok,"Maintainer confirmed: a gross one-signed flow. Banks essentially never REPORT a negative (0.000-0.001% of 1.4M year-to-date filings); the 0.2-0.8% quarterly negatives are artifacts of converting year-to-date to quarters after mergers and restatements. Only NET charge-offs are two-signed (recoveries exceed charge-offs in 14% of bank-years), and net_chargeoffs_tot carries no constraint.",2026-09-19
03_domain_calls.csv,sign=nonneg,rec_forgovt,ok,"Maintainer confirmed: a gross one-signed flow. Banks essentially never REPORT a negative (0.000-0.001% of 1.4M year-to-date filings); the 0.2-0.8% quarterly negatives are artifacts of converting year-to-date to quarters after mergers and restatements. Only NET charge-offs are two-signed (recoveries exceed charge-offs in 14% of bank-years), and net_chargeoffs_tot carries no constraint.",2026-09-19
03_domain_calls.csv,sign=nonneg,rec_othln,ok,"Maintainer confirmed: a gross one-signed flow. Banks essentially never REPORT a negative (0.000-0.001% of 1.4M year-to-date filings); the 0.2-0.8% quarterly negatives are artifacts of converting year-to-date to quarters after mergers and restatements. Only NET charge-offs are two-signed (recoveries exceed charge-offs in 14% of bank-years), and net_chargeoffs_tot carries no constraint.",2026-09-19
03_domain_calls.csv,sign=nonneg,co_tot,ok,"Maintainer confirmed: a gross one-signed flow. Banks essentially never REPORT a negative (0.000-0.001% of 1.4M year-to-date filings); the 0.2-0.8% quarterly negatives are artifacts of converting year-to-date to quarters after mergers and restatements. Only NET charge-offs are two-signed (recoveries exceed charge-offs in 14% of bank-years), and net_chargeoffs_tot carries no constraint.",2026-09-19
03_domain_calls.csv,sign=nonneg,co_ci,ok,"Maintainer confirmed: a gross one-signed flow. Banks essentially never REPORT a negative (0.000-0.001% of 1.4M year-to-date filings); the 0.2-0.8% quarterly negatives are artifacts of converting year-to-date to quarters after mergers and restatements. Only NET charge-offs are two-signed (recoveries exceed charge-offs in 14% of bank-years), and net_chargeoffs_tot carries no constraint.",2026-09-19
03_domain_calls.csv,sign=nonneg,co_forgovt,ok,"Maintainer confirmed: a gross one-signed flow. Banks essentially never REPORT a negative (0.000-0.001% of 1.4M year-to-date filings); the 0.2-0.8% quarterly negatives are artifacts of converting year-to-date to quarters after mergers and restatements. Only NET charge-offs are two-signed (recoveries exceed charge-offs in 14% of bank-years), and net_chargeoffs_tot carries no constraint.",2026-09-19
03_domain_calls.csv,sign=nonneg,co_othln,ok,"Maintainer confirmed: a gross one-signed flow. Banks essentially never REPORT a negative (0.000-0.001% of 1.4M year-to-date filings); the 0.2-0.8% quarterly negatives are artifacts of converting year-to-date to quarters after mergers and restatements. Only NET charge-offs are two-signed (recoveries exceed charge-offs in 14% of bank-years), and net_chargeoffs_tot carries no constraint.",2026-09-19
03_domain_calls.csv,sign=nonneg,co_agprod,ok,"Maintainer confirmed: a gross one-signed flow. Banks essentially never REPORT a negative (0.000-0.001% of 1.4M year-to-date filings); the 0.2-0.8% quarterly negatives are artifacts of converting year-to-date to quarters after mergers and restatements. Only NET charge-offs are two-signed (recoveries exceed charge-offs in 14% of bank-years), and net_chargeoffs_tot carries no constraint.",2026-09-19
03_domain_calls.csv,sign=nonneg,rec_agprod,ok,"Maintainer confirmed: a gross one-signed flow. Banks essentially never REPORT a negative (0.000-0.001% of 1.4M year-to-date filings); the 0.2-0.8% quarterly negatives are artifacts of converting year-to-date to quarters after mergers and restatements. Only NET charge-offs are two-signed (recoveries exceed charge-offs in 14% of bank-years), and net_chargeoffs_tot carries no constraint.",2026-09-19
03_domain_calls.csv,sign=nonneg,co_finance_cre,ok,"Maintainer confirmed: a gross one-signed flow. Banks essentially never REPORT a negative (0.000-0.001% of 1.4M year-to-date filings); the 0.2-0.8% quarterly negatives are artifacts of converting year-to-date to quarters after mergers and restatements. Only NET charge-offs are two-signed (recoveries exceed charge-offs in 14% of bank-years), and net_chargeoffs_tot carries no constraint.",2026-09-19
03_domain_calls.csv,sign=nonneg,rec_finance_cre,ok,"Maintainer confirmed: a gross one-signed flow. Banks essentially never REPORT a negative (0.000-0.001% of 1.4M year-to-date filings); the 0.2-0.8% quarterly negatives are artifacts of converting year-to-date to quarters after mergers and restatements. Only NET charge-offs are two-signed (recoveries exceed charge-offs in 14% of bank-years), and net_chargeoffs_tot carries no constraint.",2026-09-19
03_domain_calls.csv,sign=nonneg,co_heloc,ok,"Maintainer confirmed: a gross one-signed flow. Banks essentially never REPORT a negative (0.000-0.001% of 1.4M year-to-date filings); the 0.2-0.8% quarterly negatives are artifacts of converting year-to-date to quarters after mergers and restatements. Only NET charge-offs are two-signed (recoveries exceed charge-offs in 14% of bank-years), and net_chargeoffs_tot carries no constraint.",2026-09-19
03_domain_calls.csv,sign=nonneg,rec_heloc,ok,"Maintainer confirmed: a gross one-signed flow. Banks essentially never REPORT a negative (0.000-0.001% of 1.4M year-to-date filings); the 0.2-0.8% quarterly negatives are artifacts of converting year-to-date to quarters after mergers and restatements. Only NET charge-offs are two-signed (recoveries exceed charge-offs in 14% of bank-years), and net_chargeoffs_tot carries no constraint.",2026-09-19
03_domain_calls.csv,sign=nonneg,co_cc,ok,"Maintainer confirmed: a gross one-signed flow. Banks essentially never REPORT a negative (0.000-0.001% of 1.4M year-to-date filings); the 0.2-0.8% quarterly negatives are artifacts of converting year-to-date to quarters after mergers and restatements. Only NET charge-offs are two-signed (recoveries exceed charge-offs in 14% of bank-years), and net_chargeoffs_tot carries no constraint.",2026-09-19
03_domain_calls.csv,sign=nonneg,rec_cc,ok,"Maintainer confirmed: a gross one-signed flow. Banks essentially never REPORT a negative (0.000-0.001% of 1.4M year-to-date filings); the 0.2-0.8% quarterly negatives are artifacts of converting year-to-date to quarters after mergers and restatements. Only NET charge-offs are two-signed (recoveries exceed charge-offs in 14% of bank-years), and net_chargeoffs_tot carries no constraint.",2026-09-19
03_domain_calls.csv,sign=nonneg,rec_famres_first,ok,"Maintainer confirmed: a gross one-signed flow. Banks essentially never REPORT a negative (0.000-0.001% of 1.4M year-to-date filings); the 0.2-0.8% quarterly negatives are artifacts of converting year-to-date to quarters after mergers and restatements. Only NET charge-offs are two-signed (recoveries exceed charge-offs in 14% of bank-years), and net_chargeoffs_tot carries no constraint.",2026-09-19
03_domain_calls.csv,sign=nonneg,rec_famres_junior,ok,"Maintainer confirmed: a gross one-signed flow. Banks essentially never REPORT a negative (0.000-0.001% of 1.4M year-to-date filings); the 0.2-0.8% quarterly negatives are artifacts of converting year-to-date to quarters after mergers and restatements. Only NET charge-offs are two-signed (recoveries exceed charge-offs in 14% of bank-years), and net_chargeoffs_tot carries no constraint.",2026-09-19
03_domain_calls.csv,sign=nonneg,co_famres_first,ok,"Maintainer confirmed: a gross one-signed flow. Banks essentially never REPORT a negative (0.000-0.001% of 1.4M year-to-date filings); the 0.2-0.8% quarterly negatives are artifacts of converting year-to-date to quarters after mergers and restatements. Only NET charge-offs are two-signed (recoveries exceed charge-offs in 14% of bank-years), and net_chargeoffs_tot carries no constraint.",2026-09-19
03_domain_calls.csv,sign=nonneg,co_famres_junior,ok,"Maintainer confirmed: a gross one-signed flow. Banks essentially never REPORT a negative (0.000-0.001% of 1.4M year-to-date filings); the 0.2-0.8% quarterly negatives are artifacts of converting year-to-date to quarters after mergers and restatements. Only NET charge-offs are two-signed (recoveries exceed charge-offs in 14% of bank-years), and net_chargeoffs_tot carries no constraint.",2026-09-19
03_domain_calls.csv,sign=nonneg,cc_fees_reversed,ok,"Maintainer confirmed: a gross one-signed flow. Banks essentially never REPORT a negative (0.000-0.001% of 1.4M year-to-date filings); the 0.2-0.8% quarterly negatives are artifacts of converting year-to-date to quarters after mergers and restatements. Only NET charge-offs are two-signed (recoveries exceed charge-offs in 14% of bank-years), and net_chargeoffs_tot carries no constraint.",2026-09-19
03_domain_calls.csv,sign=nonneg,co_constr_res14,ok,"Maintainer confirmed: a gross one-signed flow. Banks essentially never REPORT a negative (0.000-0.001% of 1.4M year-to-date filings); the 0.2-0.8% quarterly negatives are artifacts of converting year-to-date to quarters after mergers and restatements. Only NET charge-offs are two-signed (recoveries exceed charge-offs in 14% of bank-years), and net_chargeoffs_tot carries no constraint.",2026-09-19
03_domain_calls.csv,sign=nonneg,rec_constr_res14,ok,"Maintainer confirmed: a gross one-signed flow. Banks essentially never REPORT a negative (0.000-0.001% of 1.4M year-to-date filings); the 0.2-0.8% quarterly negatives are artifacts of converting year-to-date to quarters after mergers and restatements. Only NET charge-offs are two-signed (recoveries exceed charge-offs in 14% of bank-years), and net_chargeoffs_tot carries no constraint.",2026-09-19
03_domain_calls.csv,sign=nonneg,co_constr_oth,ok,"Maintainer confirmed: a gross one-signed flow. Banks essentially never REPORT a negative (0.000-0.001% of 1.4M year-to-date filings); the 0.2-0.8% quarterly negatives are artifacts of converting year-to-date to quarters after mergers and restatements. Only NET charge-offs are two-signed (recoveries exceed charge-offs in 14% of bank-years), and net_chargeoffs_tot carries no constraint.",2026-09-19
03_domain_calls.csv,sign=nonneg,rec_constr_oth,ok,"Maintainer confirmed: a gross one-signed flow. Banks essentially never REPORT a negative (0.000-0.001% of 1.4M year-to-date filings); the 0.2-0.8% quarterly negatives are artifacts of converting year-to-date to quarters after mergers and restatements. Only NET charge-offs are two-signed (recoveries exceed charge-offs in 14% of bank-years), and net_chargeoffs_tot carries no constraint.",2026-09-19
03_domain_calls.csv,sign=nonneg,co_nfnres_owner,ok,"Maintainer confirmed: a gross one-signed flow. Banks essentially never REPORT a negative (0.000-0.001% of 1.4M year-to-date filings); the 0.2-0.8% quarterly negatives are artifacts of converting year-to-date to quarters after mergers and restatements. Only NET charge-offs are two-signed (recoveries exceed charge-offs in 14% of bank-years), and net_chargeoffs_tot carries no constraint.",2026-09-19
03_domain_calls.csv,sign=nonneg,rec_nfnres_owner,ok,"Maintainer confirmed: a gross one-signed flow. Banks essentially never REPORT a negative (0.000-0.001% of 1.4M year-to-date filings); the 0.2-0.8% quarterly negatives are artifacts of converting year-to-date to quarters after mergers and restatements. Only NET charge-offs are two-signed (recoveries exceed charge-offs in 14% of bank-years), and net_chargeoffs_tot carries no constraint.",2026-09-19
03_domain_calls.csv,sign=nonneg,co_nfnres_oth,ok,"Maintainer confirmed: a gross one-signed flow. Banks essentially never REPORT a negative (0.000-0.001% of 1.4M year-to-date filings); the 0.2-0.8% quarterly negatives are artifacts of converting year-to-date to quarters after mergers and restatements. Only NET charge-offs are two-signed (recoveries exceed charge-offs in 14% of bank-years), and net_chargeoffs_tot carries no constraint.",2026-09-19
03_domain_calls.csv,sign=nonneg,rec_nfnres_oth,ok,"Maintainer confirmed: a gross one-signed flow. Banks essentially never REPORT a negative (0.000-0.001% of 1.4M year-to-date filings); the 0.2-0.8% quarterly negatives are artifacts of converting year-to-date to quarters after mergers and restatements. Only NET charge-offs are two-signed (recoveries exceed charge-offs in 14% of bank-years), and net_chargeoffs_tot carries no constraint.",2026-09-19
03_domain_calls.csv,sign=nonneg,co_auto,ok,"Maintainer confirmed: a gross one-signed flow. Banks essentially never REPORT a negative (0.000-0.001% of 1.4M year-to-date filings); the 0.2-0.8% quarterly negatives are artifacts of converting year-to-date to quarters after mergers and restatements. Only NET charge-offs are two-signed (recoveries exceed charge-offs in 14% of bank-years), and net_chargeoffs_tot carries no constraint.",2026-09-19
03_domain_calls.csv,sign=nonneg,rec_auto,ok,"Maintainer confirmed: a gross one-signed flow. Banks essentially never REPORT a negative (0.000-0.001% of 1.4M year-to-date filings); the 0.2-0.8% quarterly negatives are artifacts of converting year-to-date to quarters after mergers and restatements. Only NET charge-offs are two-signed (recoveries exceed charge-offs in 14% of bank-years), and net_chargeoffs_tot carries no constraint.",2026-09-19
03_domain_calls.csv,sign=nonneg,co_consumer_oth,ok,"Maintainer confirmed: a gross one-signed flow. Banks essentially never REPORT a negative (0.000-0.001% of 1.4M year-to-date filings); the 0.2-0.8% quarterly negatives are artifacts of converting year-to-date to quarters after mergers and restatements. Only NET charge-offs are two-signed (recoveries exceed charge-offs in 14% of bank-years), and net_chargeoffs_tot carries no constraint.",2026-09-19
03_domain_calls.csv,sign=nonneg,rec_consumer_oth,ok,"Maintainer confirmed: a gross one-signed flow. Banks essentially never REPORT a negative (0.000-0.001% of 1.4M year-to-date filings); the 0.2-0.8% quarterly negatives are artifacts of converting year-to-date to quarters after mergers and restatements. Only NET charge-offs are two-signed (recoveries exceed charge-offs in 14% of bank-years), and net_chargeoffs_tot carries no constraint.",2026-09-19
03_domain_calls.csv,sign=nonneg,writedowns_transfer_to_hfs,ok,"Maintainer confirmed: a gross one-signed flow. Banks essentially never REPORT a negative (0.000-0.001% of 1.4M year-to-date filings); the 0.2-0.8% quarterly negatives are artifacts of converting year-to-date to quarters after mergers and restatements. Only NET charge-offs are two-signed (recoveries exceed charge-offs in 14% of bank-years), and net_chargeoffs_tot carries no constraint.",2026-09-19
03_domain_calls.csv,excluded as confidential,RCONLG24,ok,"Maintainer confirmed: drop. Collected but never published -- every populated cell is ""CONF"".",2026-09-19
03_domain_calls.csv,excluded as confidential,RCONLG25,ok,"Maintainer confirmed: drop. Collected but never published -- every populated cell is ""CONF"".",2026-09-19
03_domain_calls.csv,excluded as confidential,RCON6999,ok,"Maintainer confirmed: drop. Collected but never published -- every populated cell is ""CONF"".",2026-09-19
03_domain_calls.csv,excluded as confidential,RCON6860,ok,"Maintainer confirmed: drop. Collected but never published -- every populated cell is ""CONF"".",2026-09-19
