quarter,column,code,n_rows,n_diff,example_got,example_raw
1987Q4,ln_forgovt,BHCK2081,1388,1,,0.0
1988Q2,ln_forgovt,BHCK2081,1397,1,,0.0
1988Q2,unearned_income_ln,BHCK2123,1397,1,,0.0
1990Q1,ln_forgovt,BHCK2081,1568,1,,0.0
1991Q2,unearned_income_ln,BHCK2123,1602,1,,0.0
1992Q1,ln_agr,BHCK1590,1622,2,,0.0
1992Q1,ln_dep_1,BHCK1489,1622,1,,0.0
1992Q1,ln_forgovt,BHCK2081,1622,2,,0.0
1992Q1,unearned_income_ln,BHCK2123,1622,1,,0.0
1992Q2,ln_forgovt,BHCK2081,1637,1,,0.0
1992Q3,ln_forgovt,BHCK2081,1638,1,,0.0
1992Q4,ln_dep_1,BHCK1489,1633,1,,0.0
1992Q4,ln_forgovt,BHCK2081,1633,2,,0.0
1993Q1,ln_forgovt,BHCK2081,1621,2,,0.0
1993Q2,ln_forgovt,BHCK2081,1626,1,,0.0
1993Q4,ln_dep_1,BHCK1489,1620,1,,0.0
1993Q4,ln_forgovt,BHCK2081,1620,1,,0.0
1994Q1,ln_forgovt,BHCK2081,1349,1,,0.0
1994Q2,ln_forgovt,BHCK2081,1333,1,,0.0
1994Q3,ln_forgovt,BHCK2081,1335,1,,0.0
1995Q2,ln_dep_1,BHCK1489,1358,1,,0.0
1995Q3,ln_forgovt,BHCK2081,1364,1,,0.0
1996Q2,ln_forgovt,BHCK2081,1410,1,,0.0
1996Q3,ln_agr,BHCK1590,1417,1,,0.0
1997Q3,ln_forgovt,BHCK2081,1495,1,,0.0
1997Q4,ln_dep_2,BHCK1755,1513,1,,0.0
1998Q3,unearned_income_ln,BHCK2123,1573,1,,0.0
1999Q1,ln_agr,BHCK1590,1653,1,,0.0
1999Q1,ln_ci_tot,BHCK1766,1653,1,,0.0
1999Q1,ln_dep_2,BHCK1755,1653,1,,0.0
1999Q1,ln_dep_01,BHCK1288,1653,1,,0.0
1999Q4,ln_dep_01,BHCK1288,1703,1,,0.0
2000Q2,ln_agr,BHCK1590,1744,1,,0.0
2000Q2,ln_dep_2,BHCK1755,1744,1,,0.0
2000Q2,ln_dep_01,BHCK1288,1744,3,,0.0
2000Q2,ln_forgovt,BHCK2081,1744,1,,0.0
2001Q1,ln_dep_01,BHCK1288,1819,1,,0.0
2001Q1,ln_forgovt,BHCK2081,1819,1,,0.0
2001Q2,ln_dep_01,BHCK1288,1860,2,,0.0
2001Q2,ln_forgovt,BHCK2081,1860,1,,0.0
2001Q2,unearned_income_ln,BHCK2123,1860,1,,0.0
2001Q3,ln_agr,BHCK1590,1888,3,,0.0
2001Q3,ln_dep_01,BHCK1288,1888,6,,0.0
2001Q3,ln_forgovt,BHCK2081,1888,1,,0.0
2001Q3,unearned_income_ln,BHCK2123,1888,2,,0.0
2002Q1,ln_agr,BHCK1590,1936,2,,0.0
2002Q1,ln_dep_01,BHCK1288,1936,4,,0.0
2002Q2,ln_agr,BHCK1590,1959,1,,0.0
2002Q2,ln_dep_01,BHCK1288,1959,2,,0.0
2002Q2,ln_forgovt,BHCK2081,1959,1,,0.0
2002Q3,ln_agr,BHCK1590,1997,2,,0.0
2002Q3,ln_dep_01,BHCK1288,1997,2,,0.0
2002Q3,ln_forgovt,BHCK2081,1997,4,,0.0
2002Q3,unearned_income_ln,BHCK2123,1997,1,,0.0
2002Q4,ln_dep_01,BHCK1288,2028,1,,0.0
2002Q4,ln_forgovt,BHCK2081,2028,1,,0.0
2003Q1,ln_forgovt,BHCK2081,2085,3,,0.0
2003Q1,unearned_income_ln,BHCK2123,2085,2,,0.0
2003Q2,ln_dep_01,BHCK1288,2115,1,,0.0
2008Q1,qavg_loans_famres,BHDM3465,979,979,,881307.0
2008Q1,qavg_loans_othre,BHDM3466,979,979,,2253634.0
2008Q2,qavg_loans_famres,BHDM3465,975,975,,886322.0
2008Q2,qavg_loans_othre,BHDM3466,975,975,,2318686.0
2008Q3,qavg_loans_famres,BHDM3465,976,976,,884055.0
2008Q3,qavg_loans_othre,BHDM3466,976,976,,2376050.0
2008Q4,qavg_loans_famres,BHDM3465,973,973,,896569.0
2008Q4,qavg_loans_othre,BHDM3466,973,973,,2441765.0
2009Q1,qavg_loans_famres,BHDM3465,1033,1033,,900335.0
2009Q1,qavg_loans_othre,BHDM3466,1033,1033,,2523492.0
2009Q2,qavg_loans_famres,BHDM3465,1027,1027,,882532.0
2009Q2,qavg_loans_othre,BHDM3466,1027,1027,,2538249.0
2009Q3,qavg_loans_famres,BHDM3465,1020,1020,,872324.0
2009Q3,qavg_loans_othre,BHDM3466,1020,1020,,2543786.0
2009Q4,ln_fv_ci,BHCKF585,1015,1,,0.0
2009Q4,qavg_loans_famres,BHDM3465,1015,1015,,856957.0
2009Q4,qavg_loans_othre,BHDM3466,1015,1015,,2553684.0
2009Q4,upb_ln_ci_fv,BHCKF597,1015,1,,0.0
2010Q1,qavg_loans_famres,BHDM3465,1049,1049,,827656.0
2010Q1,qavg_loans_othre,BHDM3466,1049,1049,,2537168.0
2010Q2,qavg_loans_famres,BHDM3465,1035,1035,,818794.0
2010Q2,qavg_loans_othre,BHDM3466,1035,1035,,2549648.0
2010Q3,qavg_loans_famres,BHDM3465,1024,1024,,817271.0
2010Q3,qavg_loans_othre,BHDM3466,1024,1024,,2561996.0
2010Q4,qavg_loans_famres,BHDM3465,1010,1010,,799038.0
2010Q4,qavg_loans_othre,BHDM3466,1010,1010,,2518395.0
2010Q4,trad_revaluation_losses,BHCK3547,1010,1,,0.0
2010Q4,trad_ln_ci,BHCKF614,1010,1,,0.0
2010Q4,trad_ln_oth,BHCKF618,1010,1,,0.0
2010Q4,trad_liab_oth,BHCKF624,1010,1,,0.0
2010Q4,trad_ln_indiv_a_0818,BHCKF615,1010,1,,0.0
2010Q4,trad_ln_indiv_b_0818,BHCKF616,1010,1,,0.0
2011Q1,ln_fv_ci,BHCKF585,1030,1,,0.0
2011Q1,fv_ln_cons_1,BHCKF586,1030,1,,0.0
2011Q1,fv_ln_cons_2,BHCKF587,1030,1,,0.0
2011Q1,ln_fv_oth,BHCKF589,1030,1,,0.0
2011Q1,qavg_loans_ci,BHDM3387,1030,1030,,968437.0
2011Q1,qavg_loans_ag,BHDM3386,1030,1030,,412533.0
2011Q1,qavg_loans_famres,BHDM3465,1030,1030,,752825.0
2011Q1,qavg_loans_othre,BHDM3466,1030,1030,,2503656.0
2011Q1,upb_ln_ci_fv,BHCKF597,1030,1,,0.0
2011Q1,upb_ln_oth_fv,BHCKF601,1030,1,,0.0
2011Q2,qavg_loans_ci,BHDM3387,1021,1021,,1006066.0
2011Q2,qavg_loans_ag,BHDM3386,1021,1021,,419220.0
2011Q2,qavg_loans_famres,BHDM3465,1021,1021,,741547.0
2011Q2,qavg_loans_othre,BHDM3466,1021,1021,,2513432.0
2011Q3,qavg_loans_ci,BHDM3387,1015,1015,,1013486.0
2011Q3,qavg_loans_ag,BHDM3386,1015,1015,,463316.0
2011Q3,qavg_loans_famres,BHDM3465,1015,1015,,742944.0
2011Q3,qavg_loans_othre,BHDM3466,1015,1015,,2562849.0
2011Q4,qavg_loans_ci,BHDM3387,1018,1018,,1029630.0
2011Q4,qavg_loans_ag,BHDM3386,1018,1018,,457481.0
2011Q4,qavg_loans_famres,BHDM3465,1018,1018,,750031.0
2011Q4,qavg_loans_othre,BHDM3466,1018,1018,,2615384.0
2012Q1,qavg_loans_ci,BHDM3387,1161,1161,,1011549.0
2012Q1,qavg_loans_ag,BHDM3386,1161,1161,,425239.0
2012Q1,qavg_loans_famres,BHDM3465,1161,1161,,723971.0
2012Q1,qavg_loans_othre,BHDM3466,1161,1161,,2680095.0
2012Q1,trad_revaluation_losses,BHCK3547,1161,1,,3065.0
2012Q2,qavg_loans_ci,BHDM3387,1157,1157,,1034377.0
2012Q2,qavg_loans_ag,BHDM3386,1157,1157,,463482.0
2012Q2,qavg_loans_famres,BHDM3465,1157,1157,,716450.0
2012Q2,qavg_loans_othre,BHDM3466,1157,1157,,2724986.0
2012Q3,qavg_loans_ci,BHDM3387,1155,1155,,1060939.0
2012Q3,qavg_loans_ag,BHDM3386,1155,1155,,528690.0
2012Q3,qavg_loans_famres,BHDM3465,1155,1155,,735746.0
2012Q3,qavg_loans_othre,BHDM3466,1155,1155,,2797631.0
2012Q3,trad_revaluation_losses,BHCK3547,1155,1,,0.0
2012Q4,qavg_loans_ci,BHDM3387,1140,1140,,1046911.0
2012Q4,qavg_loans_ag,BHDM3386,1140,1140,,511612.0
2012Q4,qavg_loans_famres,BHDM3465,1140,1140,,718101.0
2012Q4,qavg_loans_othre,BHDM3466,1140,1140,,2862107.0
2013Q1,qavg_loans_ci,BHDM3387,1178,1178,,1082589.0
2013Q1,qavg_loans_ag,BHDM3386,1178,1178,,477037.0
2013Q1,qavg_loans_famres,BHDM3465,1178,1178,,704820.0
2013Q1,qavg_loans_othre,BHDM3466,1178,1178,,2932139.0
2013Q2,qavg_loans_ci,BHDM3387,1166,1166,,1123900.0
2013Q2,qavg_loans_ag,BHDM3386,1166,1166,,488160.0
2013Q2,qavg_loans_famres,BHDM3465,1166,1166,,698080.0
2013Q2,qavg_loans_othre,BHDM3466,1166,1166,,3002572.0
2013Q3,fv_ln_cons_1,BHCKF586,1159,1,,0.0
2013Q3,qavg_loans_ci,BHDM3387,1159,1159,,1122348.0
2013Q3,qavg_loans_ag,BHDM3386,1159,1159,,540448.0
2013Q3,qavg_loans_famres,BHDM3465,1159,1159,,694453.0
2013Q3,qavg_loans_othre,BHDM3466,1159,1159,,3080356.0
2013Q4,qavg_loans_ci,BHDM3387,1143,1143,,1091466.0
2013Q4,qavg_loans_ag,BHDM3386,1143,1143,,557199.0
2013Q4,qavg_loans_famres,BHDM3465,1143,1143,,789984.0
2013Q4,qavg_loans_othre,BHDM3466,1143,1143,,3016415.0
2014Q1,qavg_loans_ci,BHDM3387,1162,1162,,1124648.0
2014Q1,qavg_loans_ag,BHDM3386,1162,1162,,516733.0
2014Q1,qavg_loans_famres,BHDM3465,1162,1162,,781209.0
2014Q1,qavg_loans_othre,BHDM3466,1162,1162,,3145003.0
2014Q2,qavg_loans_ci,BHDM3387,1143,1143,,1214850.0
2014Q2,qavg_loans_ag,BHDM3386,1143,1143,,521810.0
2014Q2,qavg_loans_famres,BHDM3465,1143,1143,,768004.0
2014Q2,qavg_loans_othre,BHDM3466,1143,1143,,3241358.0
2014Q2,upb_ln_oth_fv,BHCKF601,1143,1,,0.0
2014Q3,qavg_loans_ci,BHDM3387,1138,1138,,1195238.0
2014Q3,qavg_loans_ag,BHDM3386,1138,1138,,568239.0
2014Q3,qavg_loans_famres,BHDM3465,1138,1138,,768280.0
2014Q3,qavg_loans_othre,BHDM3466,1138,1138,,3336828.0
2014Q4,qavg_loans_ci,BHDM3387,1129,1129,,1158680.0
2014Q4,qavg_loans_ag,BHDM3386,1129,1129,,568249.0
2014Q4,qavg_loans_famres,BHDM3465,1129,1129,,757604.0
2014Q4,qavg_loans_othre,BHDM3466,1129,1129,,3415594.0
2015Q1,qavg_loans_ci,BHDM3387,677,677,,1149279.0
2015Q1,qavg_loans_ag,BHDM3386,677,677,,561051.0
2015Q1,qavg_loans_famres,BHDM3465,677,677,,817930.0
2015Q1,qavg_loans_othre,BHDM3466,677,677,,3673835.0
2015Q2,qavg_loans_ci,BHDM3387,666,666,,1233682.0
2015Q2,qavg_loans_ag,BHDM3386,666,666,,281953.0
2015Q2,qavg_loans_famres,BHDM3465,666,666,,836050.0
2015Q2,qavg_loans_othre,BHDM3466,666,666,,3699144.0
2015Q3,qavg_loans_ci,BHDM3387,660,660,,1246489.0
2015Q3,qavg_loans_ag,BHDM3386,660,660,,677797.0
2015Q3,qavg_loans_famres,BHDM3465,660,660,,852599.0
2015Q3,qavg_loans_othre,BHDM3466,660,660,,3688343.0
2015Q4,qavg_loans_ci,BHDM3387,653,653,,1213408.0
2015Q4,qavg_loans_ag,BHDM3386,653,653,,664691.0
2015Q4,qavg_loans_famres,BHDM3465,653,653,,851517.0
2015Q4,qavg_loans_othre,BHDM3466,653,653,,3767677.0
2016Q1,qavg_loans_ci,BHDM3387,660,660,,1193392.0
2016Q1,qavg_loans_ag,BHDM3386,660,660,,631698.0
2016Q1,qavg_loans_famres,BHDM3465,660,660,,860715.0
2016Q1,qavg_loans_othre,BHDM3466,660,660,,3915026.0
2016Q2,qavg_loans_ci,BHDM3387,655,655,,1218837.0
2016Q2,qavg_loans_ag,BHDM3386,655,655,,656318.0
2016Q2,qavg_loans_famres,BHDM3465,655,655,,879073.0
2016Q2,qavg_loans_othre,BHDM3466,655,655,,4009188.0
2016Q3,qavg_loans_ci,BHDM3387,649,649,,1174523.0
2016Q3,qavg_loans_ag,BHDM3386,649,649,,690347.0
2016Q3,qavg_loans_famres,BHDM3465,649,649,,908182.0
2016Q3,qavg_loans_othre,BHDM3466,649,649,,4170341.0
2016Q4,qavg_loans_ci,BHDM3387,646,646,,1130626.0
2016Q4,qavg_loans_ag,BHDM3386,646,646,,639855.0
2016Q4,qavg_loans_famres,BHDM3465,646,646,,923163.0
2016Q4,qavg_loans_othre,BHDM3466,646,646,,4323900.0
2017Q1,qavg_loans_ci,BHDM3387,668,668,,1135899.0
2017Q1,qavg_loans_ag,BHDM3386,668,668,,585044.0
2017Q1,qavg_loans_famres,BHDM3465,668,668,,928183.0
2017Q1,qavg_loans_othre,BHDM3466,668,668,,4373153.0
2017Q1,upb_ln_oth_fv,BHCKF601,668,1,,0.0
2017Q2,qavg_loans_ci,BHDM3387,654,654,,1184713.0
2017Q2,qavg_loans_ag,BHDM3386,654,654,,563081.0
2017Q2,qavg_loans_famres,BHDM3465,654,654,,933260.0
2017Q2,qavg_loans_othre,BHDM3466,654,654,,4419250.0
2017Q2,upb_ln_oth_fv,BHCKF601,654,1,,0.0
2017Q3,qavg_loans_ci,BHDM3387,650,650,,1151890.0
2017Q3,qavg_loans_ag,BHDM3386,650,650,,584388.0
2017Q3,qavg_loans_famres,BHDM3465,650,650,,952327.0
2017Q3,qavg_loans_othre,BHDM3466,650,650,,4456000.0
2017Q3,upb_ln_oth_fv,BHCKF601,650,1,,0.0
2017Q4,qavg_loans_ci,BHDM3387,641,641,,1097770.0
2017Q4,qavg_loans_ag,BHDM3386,641,641,,548147.0
2017Q4,qavg_loans_famres,BHDM3465,641,641,,954870.0
2017Q4,qavg_loans_othre,BHDM3466,641,641,,4420869.0
2018Q1,qavg_loans_ci,BHDM3387,656,656,,1065856.0
2018Q1,qavg_loans_ag,BHDM3386,656,656,,506600.0
2018Q1,qavg_loans_famres,BHDM3465,656,656,,938796.0
2018Q1,qavg_loans_othre,BHDM3466,656,656,,4457900.0
2018Q2,qavg_loans_ci,BHDM3387,650,650,,1111916.0
2018Q2,qavg_loans_ag,BHDM3386,650,650,,519112.0
2018Q2,qavg_loans_famres,BHDM3465,650,650,,940885.0
2018Q2,qavg_loans_othre,BHDM3466,650,650,,4433500.0
2018Q3,qavg_loans_ci,BHDM3387,372,372,,1092897.0
2018Q3,qavg_loans_ag,BHDM3386,372,372,,579047.0
2018Q3,qavg_loans_famres,BHDM3465,372,372,,972312.0
2018Q3,qavg_loans_othre,BHDM3466,372,372,,4445831.0
2018Q4,qavg_loans_ci,BHDM3387,373,373,,1111974.0
2018Q4,qavg_loans_ag,BHDM3386,373,373,,571890.0
2018Q4,qavg_loans_famres,BHDM3465,373,373,,1002894.0
2018Q4,qavg_loans_othre,BHDM3466,373,373,,4383952.0
2019Q1,qavg_loans_ci,BHDM3387,364,364,,1169589.0
2019Q1,qavg_loans_ag,BHDM3386,364,364,,536550.0
2019Q1,qavg_loans_famres,BHDM3465,364,364,,1017456.0
2019Q1,qavg_loans_othre,BHDM3466,364,364,,4462813.0
2019Q2,qavg_loans_ci,BHDM3387,363,363,,1254328.0
2019Q2,qavg_loans_ag,BHDM3386,363,363,,566329.0
2019Q2,qavg_loans_famres,BHDM3465,363,363,,1020649.0
2019Q2,qavg_loans_othre,BHDM3466,363,363,,4550150.0
2019Q3,qavg_loans_ci,BHDM3387,358,358,,1305978.0
2019Q3,qavg_loans_ag,BHDM3386,358,358,,600483.0
2019Q3,qavg_loans_famres,BHDM3465,358,358,,1037981.0
2019Q3,qavg_loans_othre,BHDM3466,358,358,,4676181.0
2019Q4,qavg_loans_ci,BHDM3387,353,353,,1258662.0
2019Q4,qavg_loans_ag,BHDM3386,353,353,,590078.0
2019Q4,qavg_loans_famres,BHDM3465,353,353,,1067386.0
2019Q4,qavg_loans_othre,BHDM3466,353,353,,4779566.0
2020Q1,qavg_loans_ci,BHDM3387,353,353,,1303606.0
2020Q1,qavg_loans_ag,BHDM3386,353,353,,536543.0
2020Q1,qavg_loans_famres,BHDM3465,353,353,,1082834.0
2020Q1,qavg_loans_othre,BHDM3466,353,353,,4888605.0
2020Q2,qavg_loans_ci,BHDM3387,350,350,,1221353.0
2020Q2,qavg_loans_ag,BHDM3386,350,350,,568165.0
2020Q2,qavg_loans_famres,BHDM3465,350,350,,1101200.0
2020Q2,qavg_loans_othre,BHDM3466,350,350,,4971388.0
2020Q3,qavg_loans_ci,BHDM3387,348,348,,2641404.0
2020Q3,qavg_loans_ag,BHDM3386,348,348,,562408.0
2020Q3,qavg_loans_famres,BHDM3465,348,348,,1097517.0
2020Q3,qavg_loans_othre,BHDM3466,348,348,,5119122.0
2020Q4,qavg_loans_ci,BHDM3387,348,348,,2503761.0
2020Q4,qavg_loans_ag,BHDM3386,348,348,,482775.0
2020Q4,qavg_loans_famres,BHDM3465,348,348,,1247206.0
2020Q4,qavg_loans_othre,BHDM3466,348,348,,5236511.0
2021Q1,qavg_loans_ci,BHDM3387,349,349,,2340724.0
2021Q1,qavg_loans_ag,BHDM3386,349,349,,497251.0
2021Q1,qavg_loans_famres,BHDM3465,349,349,,1335925.0
2021Q1,qavg_loans_othre,BHDM3466,349,349,,5369892.0
2021Q2,qavg_loans_ci,BHDM3387,347,347,,2285732.0
2021Q2,qavg_loans_ag,BHDM3386,347,347,,498183.0
2021Q2,qavg_loans_famres,BHDM3465,347,347,,1370314.0
2021Q2,qavg_loans_othre,BHDM3466,347,347,,5342869.0
2021Q3,qavg_loans_ci,BHDM3387,346,346,,1767056.0
2021Q3,qavg_loans_ag,BHDM3386,346,346,,499266.0
2021Q3,qavg_loans_famres,BHDM3465,346,346,,1382256.0
2021Q3,qavg_loans_othre,BHDM3466,346,346,,5409165.0
2021Q4,qavg_loans_ci,BHDM3387,351,351,,1635272.0
2021Q4,qavg_loans_ag,BHDM3386,351,351,,477515.0
2021Q4,qavg_loans_famres,BHDM3465,351,351,,1419960.0
2021Q4,qavg_loans_othre,BHDM3466,351,351,,5317726.0
2022Q1,qavg_loans_ci,BHDM3387,369,369,,1643852.0
2022Q1,qavg_loans_ag,BHDM3386,369,369,,409382.0
2022Q1,qavg_loans_famres,BHDM3465,369,369,,1456375.0
2022Q1,qavg_loans_othre,BHDM3466,369,369,,5416645.0
2022Q2,qavg_loans_ci,BHDM3387,364,364,,1672036.0
2022Q2,qavg_loans_ag,BHDM3386,364,364,,426288.0
2022Q2,qavg_loans_famres,BHDM3465,364,364,,1494589.0
2022Q2,qavg_loans_othre,BHDM3466,364,364,,5522843.0
2022Q3,qavg_loans_ci,BHDM3387,365,365,,1793922.0
2022Q3,qavg_loans_ag,BHDM3386,365,365,,450553.0
2022Q3,qavg_loans_famres,BHDM3465,365,365,,1584268.0
2022Q3,qavg_loans_othre,BHDM3466,365,365,,5510524.0
2022Q4,qavg_loans_ci,BHDM3387,364,364,,1773737.0
2022Q4,qavg_loans_ag,BHDM3386,364,364,,430886.0
2022Q4,qavg_loans_famres,BHDM3465,364,364,,1663725.0
2022Q4,qavg_loans_othre,BHDM3466,364,364,,5570833.0
2023Q1,qavg_loans_ci,BHDM3387,379,379,,1830238.0
2023Q1,qavg_loans_ag,BHDM3386,379,379,,359723.0
2023Q1,qavg_loans_famres,BHDM3465,379,379,,1728214.0
2023Q1,qavg_loans_othre,BHDM3466,379,379,,5692618.0
2023Q2,qavg_loans_ci,BHDM3387,379,379,,1969056.0
2023Q2,qavg_loans_ag,BHDM3386,379,379,,371465.0
2023Q2,qavg_loans_famres,BHDM3465,379,379,,1922719.0
2023Q2,qavg_loans_othre,BHDM3466,379,379,,5794499.0
2023Q3,qavg_loans_ci,BHDM3387,381,381,,2036111.0
2023Q3,qavg_loans_ag,BHDM3386,381,381,,427581.0
2023Q3,qavg_loans_famres,BHDM3465,381,381,,1981945.0
2023Q3,qavg_loans_othre,BHDM3466,381,381,,5930689.0
2023Q4,qavg_loans_ci,BHDM3387,374,374,,2028412.0
2023Q4,qavg_loans_ag,BHDM3386,374,374,,428877.0
2023Q4,qavg_loans_famres,BHDM3465,374,374,,1988478.0
2023Q4,qavg_loans_othre,BHDM3466,374,374,,5987012.0
2024Q1,qavg_loans_ci,BHDM3387,387,387,,2065009.0
2024Q1,qavg_loans_ag,BHDM3386,387,387,,438082.0
2024Q1,qavg_loans_famres,BHDM3465,387,387,,1984048.0
2024Q1,qavg_loans_othre,BHDM3466,387,387,,6075237.0
2024Q2,qavg_loans_ci,BHDM3387,381,381,,1944102.0
2024Q2,qavg_loans_ag,BHDM3386,381,381,,432994.0
2024Q2,qavg_loans_famres,BHDM3465,381,381,,1995124.0
2024Q2,qavg_loans_othre,BHDM3466,381,381,,6048620.0
2024Q3,qavg_loans_ci,BHDM3387,381,381,,1924493.0
2024Q3,qavg_loans_ag,BHDM3386,381,381,,480870.0
2024Q3,qavg_loans_famres,BHDM3465,381,381,,2030696.0
2024Q3,qavg_loans_othre,BHDM3466,381,381,,6102515.0
2024Q4,qavg_loans_ci,BHDM3387,383,383,,1890583.0
2024Q4,qavg_loans_ag,BHDM3386,383,383,,474566.0
2024Q4,qavg_loans_famres,BHDM3465,383,383,,2050311.0
2024Q4,qavg_loans_othre,BHDM3466,383,383,,6200103.0
2025Q1,qavg_loans_ci,BHDM3387,390,390,,1962334.0
2025Q1,qavg_loans_ag,BHDM3386,390,390,,459831.0
2025Q1,qavg_loans_famres,BHDM3465,390,390,,2033983.0
2025Q1,qavg_loans_othre,BHDM3466,390,390,,6274501.0
2025Q2,qavg_loans_ci,BHDM3387,383,383,,2129560.0
2025Q2,qavg_loans_ag,BHDM3386,383,383,,2597877.0
2025Q2,qavg_loans_famres,BHDM3465,383,383,,1896097.0
2025Q2,qavg_loans_othre,BHDM3466,383,383,,6028707.0
2025Q3,qavg_loans_ci,BHDM3387,381,381,,2102556.0
2025Q3,qavg_loans_ag,BHDM3386,381,381,,2730737.0
2025Q3,qavg_loans_famres,BHDM3465,381,381,,1883833.0
2025Q3,qavg_loans_othre,BHDM3466,381,381,,6055247.0
