# Schedule RC-N -- Past Due and Nonaccrual Loans, Leases and Other Assets.
#
# The credit-quality schedule, and the largest addition in this repo. Names follow a
# systematic scheme derived from the MDRM item names:
#
#     {bucket}_{category}[_{family}]
#
#   bucket     pd30  past due 30-89 days and still accruing
#              pd90  past due 90 days or more and still accruing
#              na    nonaccrual
#   category   the loan category (ci, cc, famres_first, nfnres_owner, ...)
#   family     which grid the item belongs to -- absent for the schedule's main body:
#              lossshare  loans covered by FDIC loss-sharing agreements
#              modified   loan modifications to borrowers experiencing financial
#                         difficulty (troubled debt restructurings)
#              itemized   memo itemisation of amounts already inside all other loans
#              usgtd / usgtd_portion / gnma_rebooked  government-guaranteed cuts
#              fv / upb   fair value and unpaid principal balance of held-for-sale loans
#
# The family is not decoration. RC-N repeats the same bucket-by-category grid for each
# family, so naming on bucket and category alone collapses them onto one another -- 112
# of 184 names collided before the family was added.
#
# A few names carry a trailing MDRM item code (e.g. _k095). Those are cases where two
# genuinely distinct items coexist in the same period under near-identical MDRM
# descriptions; the code suffix is ugly but unambiguous, and the full item name is in
# the notes column.

[META]
key,value
panel_name,rc_n_past_due
schedule,RC-N
profile,ffiec_call

[BASE_VARIABLES]
mdrm_code,variable_name,schedule,flow_type,form_scope,era_start,era_end,sign,notes
RCFD1406,pd30_tot,RC-N,stock,all,2001-03-31,,,TOTAL LOANS AND LEASE FINANCING RECEIVABLES: PAST DUE 30-89 DAYS AND STILL ACCRUING
RCFD1407,pd90_tot,RC-N,stock,all,,,,TOTAL LOANS AND LEASE FINANCING RECEIVABLES: PAST DUE 90 DAYS OR MORE AND STILL ACCRUING
RCFD1594,pd30_agprod,RC-N,stock,all,2001-03-31,,,LOANS TO FINANCE AGRICULTURAL PRODUCTION AND OTHER LOANS TO FARMERS - PAST DUE 30-89 DAYS AND STILL ACCRUING
RCFD1597,pd90_agprod,RC-N,stock,all,,,,LOANS TO FINANCE AGRICULTURAL PRODUCTION AND OTHER LOANS TO FARMERS - PAST DUE 90 DAYS OR MORE AND STILL ACCRUING
RCFD3505,pd30_debtsec,RC-N,stock,all,2001-03-31,,,DEBT SECURITIES AND OTHER ASSETS - PAST DUE 30 THROUGH 89 DAYS AND STILL ACCRUING
RCFD3506,pd90_debtsec,RC-N,stock,all,1991-03-31,,,DEBT SECURITIES AND OTHER ASSETS - PAST DUE 90 DAYS OR MORE AND STILL ACCRUING
RCFD5389,pd30_forgovt,RC-N,stock,031+041,2001-03-31,,,LOANS TO FOREIGN GOVERNMENTS AND OFFICIAL INSTITUTIONS - PAST DUE 30 THROUGH 89 DAYS AND STILL ACCRUING
RCFD5390,pd90_forgovt,RC-N,stock,031+041,1991-03-31,,,LOANS TO FOREIGN GOVERNMENTS AND OFFICIAL INSTITUTIONS - PAST DUE 90 DAYS OR MORE AND STILL ACCRUING
RCFD5459,pd30_othln,RC-N,stock,all,2001-03-31,,,ALL OTHER LOANS - PAST DUE 30 THROUGH 89 DAYS AND STILL ACCRUING
RCFD5460,pd90_othln,RC-N,stock,all,1991-03-31,,,ALL OTHER LOANS - PAST DUE 90 DAYS OR MORE AND STILL ACCRUING
RCFD6558,pd30_finance_cre,RC-N,stock,all,2001-03-31,,,LOANS TO FINANCE COMMERCIAL REAL ESTATE; CONSTRUCTION; AND LAND DEVELOPMENT ACTIVITIES - PAST DUE 30 THROUGH 89 DAYS A
RCFD6559,pd90_finance_cre,RC-N,stock,all,1991-03-31,,,LOANS TO FINANCE COMMERCIAL REAL ESTATE; CONSTRUCTION; AND LAND DEVELOPMENT ACTIVITIES - PAST DUE 90 DAYS OR MORE AND 
RCFD6560,na_finance_cre,RC-N,stock,all,1991-03-31,,,LOANS TO FINANCE COMMERCIAL REAL ESTATE; CONSTRUCTION; AND LAND DEVELOPMENT ACTIVITIES - NONACCRUAL
RCFDB575,pd30_cc,RC-N,stock,all,2001-03-31,,,LOANS TO INDIVIDUALS FOR HOUSEHOLD; FAMILY; AND OTHER PERSONAL EXPENDITURES: CREDIT CARDS - PAST DUE 30 THROUGH 89 DAY
RCFDB576,pd90_cc,RC-N,stock,all,2001-03-31,,,LOANS TO INDIVIDUALS FOR HOUSEHOLD; FAMILY; AND OTHER PERSONAL EXPENDITURES: CREDIT CARDS - PAST DUE 90 DAYS OR MORE A
RCFDC240,pd30_hfs,RC-N,stock,all,2002-03-31,,,LOANS AND LEASES HELD FOR SALE-PAST DUE 30 THRU 89 DAYS AND STILL ACCRUING
RCFDC241,pd90_hfs,RC-N,stock,all,2002-03-31,,,LOANS AND LEASES HELD FOR SALE-PAST DUE 90 DAYS OR MORE AND STILL ACCRUING
RCFDF664,pd30_hfs_fv,RC-N,stock,031+041,2008-03-31,2018-03-31,,FAIR VALUE OF LOANS AND LEASES HELD FOR SALE - PAST DUE 30 THROUGH 89 DAYS AND STILL ACCRUING.
RCFDF665,pd90_hfs_fv,RC-N,stock,031+041,2008-03-31,2018-03-31,,FAIR VALUE OF LOANS AND LEASES HELD FOR SALE - PAST DUE 90 DAYS OR MORE AND STILL ACCRUING
RCFDF666,na_hfs_fv,RC-N,stock,031+041,2008-03-31,2018-03-31,,FAIR VALUE OF LOANS AND LEASES HELD FOR SALE- NONACCRUAL
RCFDF667,pd30_hfs_upb,RC-N,stock,031+041,2008-03-31,2018-03-31,,UNPAID PRINCIPAL BALANCE OF LOANS AND LEASES HELD FOR SALE - PAST DUE 30 THROUGH 89 DAYS AND STILL ACCRUING.
RCFDF668,pd90_hfs_upb,RC-N,stock,031+041,2008-03-31,2018-03-31,,UNPAID PRINCIPAL BALANCE OF LOANS AND LEASES HELD FOR SALE - PAST DUE 90 DAYS OR MORE AND STILL ACCRUING
RCFDF669,na_hfs_upb,RC-N,stock,031+041,2008-03-31,2018-03-31,,UNPAID PRINCIPAL BALANCE OF LOANS AND LEASES HELD FOR SALE- NONACCRUAL
RCFDHK26,pd30_tot_modified,RC-N,stock,all,2017-03-31,,,TOTAL LOAN MODIFICATIONS TO BORROWERS EXPERIENCING FINANCIAL DIFFICULTY INCLUDED IN SCHEDULE RC-N ITEMS 1 THROUGH 7 AB
RCFDHK27,pd90_tot_modified,RC-N,stock,all,2017-03-31,,,TOTAL LOAN MODIFICATIONS TO BORROWERS EXPERIENCING FINANCIAL DIFFICULTY INCLUDED IN SCHEDULE RC-N ITEMS 1 THROUGH 7 AB
RCFDHK28,na_tot_modified,RC-N,stock,all,2017-03-31,,,TOTAL LOAN MODIFICATIONS TO BORROWERS EXPERIENCING FINANCIAL DIFFICULTY INCLUDED IN SCHEDULE RC-N ITEMS 1 THROUGH 7 AB
RCFDK036,pd30_tot_lossshare,RC-N,stock,all,2011-03-31,,,LOANS AND LEASES REPORTED IN THE PAST DUE AND NONACCRUAL LOANS; LEASES AND OTHER ASSETS WHICH ARE WHOLLY OR PARTIALLY 
RCFDK037,pd90_tot_lossshare,RC-N,stock,all,2011-03-31,,,LOANS AND LEASES REPORTED IN THE PAST DUE AND NONACCRUAL LOANS; LEASES AND OTHER ASSETS WHICH ARE WHOLLY OR PARTIALLY 
RCFDK038,na_tot_lossshare,RC-N,stock,all,2011-03-31,,,LOANS AND LEASES REPORTED IN THE PAST DUE AND NONACCRUAL LOANS; LEASES AND OTHER ASSETS WHICH ARE WHOLLY OR PARTIALLY 
RCFDK039,pd30_tot_usgtd_portion,RC-N,stock,all,2011-03-31,,,GUARANTEED PORTION OF LOANS AND LEASES INCLUDED IN ITEM 10; EXCLUDING REBOOKED 'GNMA LOANS' PAST DUE 30 THROUGH 89 DAY
RCFDK040,pd90_tot_usgtd_portion,RC-N,stock,all,2011-03-31,,,GUARANTEED PORTION OF LOANS AND LEASES INCLUDED IN ITEM 10; EXCLUDING REBOOKED 'GNMA LOANS' PAST DUE 90 DAYS OR MORE A
RCFDK041,na_tot_usgtd_portion,RC-N,stock,all,2011-03-31,,,GUARANTEED PORTION OF LOANS AND LEASES INCLUDED IN ITEM 10; EXCLUDING REBOOKED 'GNMA LOANS' : NONACCRUAL
RCFDK042,pd30_tot_gnma_rebooked,RC-N,stock,all,2011-03-31,,,REBOOKED 'GNMA LOANS' THAT HAVE BEEN REPURCHASED OR ARE ELIGIBLE FOR REPURCHASE INCLUDED IN ITEM 10 - PAST DUE 30 THRO
RCFDK043,pd90_tot_gnma_rebooked,RC-N,stock,all,2011-03-31,,,REBOOKED 'GNMA LOANS' THAT HAVE BEEN REPURCHASED OR ARE ELIGIBLE FOR REPURCHASE INCLUDED IN ITEM 10 - PAST DUE 90 DAYS
RCFDK044,na_tot_gnma_rebooked,RC-N,stock,all,2011-03-31,,,REBOOKED 'GNMA LOANS' THAT HAVE BEEN REPURCHASED OR ARE ELIGIBLE FOR REPURCHASE INCLUDED IN ITEM 10 - NONACCRUAL
RCFDK072,pd30_othln_lossshare,RC-N,stock,031+041,2011-03-31,2016-12-31,,LOANS AND LEASES COVERED BY LOSS SHARING AGREEMENTS WITH THE FDIC:  LOANS TO FINANCE AGRICULTURE PRODUCTION AND OTHER 
RCFDK073,pd90_othln_lossshare,RC-N,stock,031+041,2011-03-31,2016-12-31,,LOANS AND LEASES COVERED BY LOSS SHARING AGREEMENTS WITH THE FDIC:  LOANS TO FINANCE AGRICULTURE PRODUCTION AND OTHER 
RCFDK074,na_othln_lossshare,RC-N,stock,031+041,2011-03-31,2016-12-31,,LOANS AND LEASES COVERED BY LOSS SHARING AGREEMENTS WITH THE FDIC:  LOANS TO FINANCE AGRICULTURE PRODUCTION AND OTHER 
RCFDK075,pd30_ci_lossshare,RC-N,stock,031+041,2011-03-31,2016-12-31,,LOANS AND LEASES COVERED BY LOSS SHARING AGREEMENTS WITH THE FDIC:  COMMERCIAL AND INDUSTRIAL LOANS - PAST DUE 30 THRO
RCFDK076,pd90_ci_lossshare,RC-N,stock,031+041,2011-03-31,2016-12-31,,LOANS AND LEASES COVERED BY LOSS SHARING AGREEMENTS WITH THE FDIC:  COMMERCIAL AND INDUSTRIAL LOANS - PAST DUE 90 DAYS
RCFDK077,na_ci_lossshare,RC-N,stock,031+041,2011-03-31,2016-12-31,,LOANS AND LEASES COVERED BY LOSS SHARING AGREEMENTS WITH THE FDIC:  COMMERCIAL AND INDUSTRIAL LOANS - NONACCRUAL
RCFDK078,pd30_cc_lossshare,RC-N,stock,031+041,2011-03-31,2016-12-31,,LOANS AND LEASES COVERED BY LOSS SHARING AGREEMENTS WITH THE FDIC:  LOANS TO INDIVIDUAL FOR HOUSEHOLD; FAMILY; PERSONA
RCFDK079,pd90_cc_lossshare,RC-N,stock,031+041,2011-03-31,2016-12-31,,LOANS AND LEASES COVERED BY LOSS SHARING AGREEMENTS WITH THE FDIC:  LOANS TO INDIVIDUAL FOR HOUSEHOLD; FAMILY; PERSONA
RCFDK080,na_cc_lossshare,RC-N,stock,031+041,2011-03-31,2016-12-31,,LOANS AND LEASES COVERED BY LOSS SHARING AGREEMENTS WITH THE FDIC:  LOANS TO INDIVIDUAL FOR HOUSEHOLD; FAMILY; PERSONA
RCFDK081,pd30_auto_lossshare,RC-N,stock,031+041,2011-03-31,2016-12-31,,LOANS AND LEASES COVERED BY LOSS SHARING AGREEMENTS WITH THE FDIC:  LOANS TO INDIVIDUAL FOR HOUSEHOLD; FAMILY; PERSONA
RCFDK082,pd90_auto_lossshare,RC-N,stock,031+041,2011-03-31,2016-12-31,,LOANS AND LEASES COVERED BY LOSS SHARING AGREEMENTS WITH THE FDIC:  LOANS TO INDIVIDUAL FOR HOUSEHOLD; FAMILY; PERSONA
RCFDK083,na_auto_lossshare,RC-N,stock,031+041,2011-03-31,2016-12-31,,LOANS AND LEASES COVERED BY LOSS SHARING AGREEMENTS WITH THE FDIC:  LOANS TO INDIVIDUAL FOR HOUSEHOLD; FAMILY; PERSONA
RCFDK087,pd30_lease_lossshare,RC-N,stock,031+041,2011-03-31,2023-06-30,,LOANS AND LEASES COVERED BY LOSS SHARING AGREEMENTS WITH THE FDIC:  ALL OTHER LOANS AND ALL LEASES: PAST DUE 30 THROUG
RCFDK088,pd90_lease_lossshare,RC-N,stock,031+041,2011-03-31,2023-06-30,,LOANS AND LEASES COVERED BY LOSS SHARING AGREEMENTS WITH THE FDIC:  ALL OTHER LOANS AND ALL LEASES: PAST DUE 90 DAYS O
RCFDK089,na_lease_lossshare,RC-N,stock,031+041,2011-03-31,2023-06-30,,LOANS AND LEASES COVERED BY LOSS SHARING AGREEMENTS WITH THE FDIC:  ALL OTHER LOANS AND ALL LEASES: NONACCRUAL
RCFDK091,pd30_depinst_itemized_k091,RC-N,stock,031+041,2011-03-31,2016-06-30,,ITEMIZE PAST DUE AND NONACCRUAL AMOUNTS INCLUDED IN ALL OTHER LOANS AND ALL LEASES: LOANS TO DEPOSITORY INSTITUTIONS A
RCFDK092,pd90_depinst_itemized,RC-N,stock,031+041,2011-03-31,2016-06-30,,ITEMIZE PAST DUE AND NONACCRUAL AMOUNTS INCLUDED IN ALL OTHER LOANS AND ALL LEASES: LOANS TO DEPOSITORY INSTITUTIONS A
RCFDK093,na_depinst_itemized,RC-N,stock,031+041,2011-03-31,2016-06-30,,ITEMIZE PAST DUE AND NONACCRUAL AMOUNTS INCLUDED IN ALL OTHER LOANS AND ALL LEASES: LOANS TO DEPOSITORY INSTITUTIONS A
RCFDK095,pd30_forgovt_itemized_k095,RC-N,stock,031+041,2011-03-31,2016-06-30,,ITEMIZE PAST DUE AND NONACCRUAL AMOUNTS INCLUDED IN ALL OTHER LOANS AND ALL LEASES: LOANS TO FOREIGN GOVERNMENTS AND O
RCFDK096,pd90_forgovt_itemized_k096,RC-N,stock,031+041,2011-03-31,2016-06-30,,ITEMIZE PAST DUE AND NONACCRUAL AMOUNTS INCLUDED IN ALL OTHER LOANS AND ALL LEASES: LOANS TO FOREIGN GOVERNMENTS AND O
RCFDK097,na_forgovt_itemized_k097,RC-N,stock,031+041,2011-03-31,2016-06-30,,ITEMIZE PAST DUE AND NONACCRUAL AMOUNTS INCLUDED IN ALL OTHER LOANS AND ALL LEASES: LOANS TO FOREIGN GOVERNMENTS AND O
RCFDK099,pd30_othln_itemized_k099,RC-N,stock,031+041,2011-03-31,2016-06-30,,ITEMIZE PAST DUE AND NONACCRUAL AMOUNTS INCLUDED IN ALL OTHER LOANS AND ALL LEASES: OTHER LOANS - PAST DUE 30 THROUGH 
RCFDK100,pd90_othln_itemized_k100,RC-N,stock,031+041,2011-03-31,2016-06-30,,ITEMIZE PAST DUE AND NONACCRUAL AMOUNTS INCLUDED IN ALL OTHER LOANS AND ALL LEASES: OTHER LOANS: PAST DUE 90 DAYS OR M
RCFDK101,na_lease_itemized_k101,RC-N,stock,031+041,2011-03-31,2016-06-30,,ITEMIZE PAST DUE AND NONACCRUAL AMOUNTS INCLUDED IN ALL OTHER LOANS AND ALL LEASES: OTHER LOANS: NONACCRUAL LOANS
RCFDK126,pd30_othln_modified,RC-N,stock,all,2011-03-31,,,LOAN MODIFICATIONS TO BORROWERS EXPERIENCING FINANCIAL DIFFICULTY: ALL OTHER LOANS - PAST DUE 30 THROUGH 89 DAYS AND S
RCFDK127,pd90_othln_modified,RC-N,stock,all,2011-03-31,,,LOAN MODIFICATIONS TO BORROWERS EXPERIENCING FINANCIAL DIFFICULTY : ALL OTHER LOANS - PAST DUE 90 DAYS OR MORE AND STI
RCFDK128,na_othln_modified,RC-N,stock,all,2011-03-31,,,LOAN MODIFICATIONS TO BORROWERS EXPERIENCING FINANCIAL DIFFICULTY : ALL OTHER LOANS - NONACCRUAL
RCFDK134,pd30_depinst_itemized_k134,RC-N,stock,031+041,2011-03-31,2016-06-30,,ITEMIZE LOANS TO DEPOSITORY INSTITUTIONS AND ACCEPTANCES OF OTHER BANKS INCLUDED IN ALL OTHER LOANS PAST DUE 30 THROUG
RCFDK135,pd30_depinst_itemized_k135,RC-N,stock,031+041,2011-03-31,2016-06-30,,ITEMIZE LOANS TO DEPOSITORY INSTITUTIONS AND ACCEPTANCES OF OTHER BANKS INCLUDED IN ALL OTHER LOANS PAST DUE 30 THROUG
RCFDK136,pd30_depinst_itemized_k136,RC-N,stock,031+041,2011-03-31,2016-06-30,,ITEMIZE LOANS TO DEPOSITORY INSTITUTIONS AND ACCEPTANCES OF OTHER BANKS INCLUDED IN ALL OTHER LOANS PAST DUE 30 THROUG
RCFDK138,pd30_agprod_modified,RC-N,stock,all,2011-03-31,,,ITEMIZE LOAN MODIFICATIONS TO BORROWERS EXPERIENCING FINANCIAL DIFFICULTY TO FINANCE AGRICULTURAL PRODUCTION AND OTHER
RCFDK139,pd90_agprod_modified,RC-N,stock,all,2011-03-31,,,ITEMIZE LOAN MODIFICATIONS TO BORROWERS EXPERIENCING FINANCIAL DIFFICULTY TO FINANCE AGRICULTURAL PRODUCTION AND OTHER
RCFDK140,na_agprod_modified,RC-N,stock,all,2011-03-31,,,ITEMIZE LOAN MODIFICATIONS TO BORROWERS EXPERIENCING FINANCIAL DIFFICULTY TO FINANCE AGRICULTURAL PRODUCTION AND OTHER
RCFDK213,pd30_auto,RC-N,stock,all,2011-03-31,,,LOANS TO INDIVIDUALS FOR HOUSEHOLD; FAMILY AND OTHER PERSONAL EXPENDITURES: AUTOMOBILE LOANS - PAST DUE 30 THROUGH 89 
RCFDK214,pd90_auto,RC-N,stock,all,2011-03-31,,,LOANS TO INDIVIDUALS FOR HOUSEHOLD; FAMILY AND OTHER PERSONAL EXPENDITURES: AUTOMOBILE LOANS - PAST DUE 90 DAYS OR MOR
RCFDK216,pd30_indiv,RC-N,stock,all,2011-03-31,,,LOANS TO INDIVIDUALS FOR HOUSEHOLD; FAMILY AND OTHER PERSONAL EXPENDITURES: OTHER - PAST DUE 30 THROUGH 89 DAYS AND ST
RCFDK217,pd90_indiv,RC-N,stock,all,2011-03-31,,,LOANS TO INDIVIDUALS FOR HOUSEHOLD; FAMILY AND OTHER PERSONAL EXPENDITURES: OTHER - PAST DUE 90 DAYS OR MORE AND STILL
RCFDK269,pd30_lease_itemized,RC-N,stock,031+041,2011-03-31,2016-06-30,,ITEMIZE PAST DUE AND NONACCRUAL AMOUNTS INCLUDED IN ALL OTHER LOANS AND ALL LEASES: LEASE FINANCING RECEIVABLES - PAST
RCFDK271,pd90_lease_itemized,RC-N,stock,031+041,2011-03-31,2016-06-30,,ITEMIZE PAST DUE AND NONACCRUAL AMOUNTS INCLUDED IN ALL OTHER LOANS AND ALL LEASES: LEASE FINANCING RECEIVABLES - PAST
RCFDK272,na_lease_itemized_k272,RC-N,stock,031+041,2011-03-31,2016-06-30,,ITEMIZE PAST DUE AND NONACCRUAL AMOUNTS INCLUDED IN ALL OTHER LOANS AND ALL LEASES: LEASE FINANCING RECEIVABLES -  NON
RCFDK274,pd30_indiv_modified,RC-N,stock,all,2011-03-31,,,ITEMIZE LOAN MODIFICATIONS TO BORROWERS EXPERIENCING FINANCIAL DIFFICULTY CREDIT CARD LOANS TO INDIVIDUALS FOR HOUSEHO
RCFDK275,pd90_indiv_modified,RC-N,stock,all,2011-03-31,,,ITEMIZE LOAN MODIFICATIONS TO BORROWERS EXPERIENCING FINANCIAL DIFFICULTY CREDIT CARD LOANS TO INDIVIDUALS FOR HOUSEHO
RCFDK276,na_indiv_modified,RC-N,stock,all,2011-03-31,,,ITEMIZE LOAN MODIFICATIONS TO BORROWERS EXPERIENCING FINANCIAL DIFFICULTY CREDIT CARD LOANS TO INDIVIDUALS FOR HOUSEHO
RCFDK277,pd30_auto_modified,RC-N,stock,all,2011-03-31,,,ITEMIZE LOAN MODIFICATIONS TO BORROWERS EXPERIENCING FINANCIAL DIFFICULTY AUTOMOBILE LOANS TO INDIVIDUALS FOR HOUSEHOL
RCFDK278,pd90_auto_modified,RC-N,stock,all,2011-03-31,,,ITEMIZE LOAN MODIFICATIONS TO BORROWERS EXPERIENCING FINANCIAL DIFFICULTY AUTOMOBILE LOANS TO INDIVIDUALS FOR HOUSEHOL
RCFDK279,na_auto_modified,RC-N,stock,all,2011-03-31,,,ITEMIZE LOAN MODIFICATIONS TO BORROWERS EXPERIENCING FINANCIAL DIFFICULTY AUTOMOBILE LOANS TO INDIVIDUALS FOR HOUSEHOL
RCFDK280,pd30_cc_modified,RC-N,stock,all,2011-03-31,,,ITEMIZE LOAN MODIFICATIONS TO BORROWERS EXPERIENCING FINANCIAL DIFFICULTY OTHER CONSUMER (INCLUDES SINGLE PAYMENT; INS
RCFDK281,pd90_cc_modified,RC-N,stock,all,2011-03-31,,,ITEMIZE LOAN MODIFICATIONS TO BORROWERS EXPERIENCING FINANCIAL DIFFICULTY OTHER CONSUMER (INCLUDES SINGLE PAYMENT; INS
RCFDK282,na_cc_modified,RC-N,stock,all,2011-03-31,,,ITEMIZE LOAN MODIFICATIONS TO BORROWERS EXPERIENCING FINANCIAL DIFFICULTY OTHER CONSUMER (INCLUDES SINGLE PAYMENT; INS
RCFDK283,pd30_forgovt_itemized_k283,RC-N,stock,031+041,2011-03-31,2016-06-30,,ITEMIZE LOANS TO FOREIGN GOVERNMENTS AND OFFICIAL INSTITUTIONS: PAST DUE 30 THROUGH 89 DAYS AND STILL ACCRUING
RCFDK284,pd90_forgovt_itemized_k284,RC-N,stock,031+041,2011-03-31,2016-06-30,,ITEMIZE LOANS TO FOREIGN GOVERNMENTS AND OFFICIAL INSTITUTIONS: PAST DUE 90 DAYS OR MORE AND STILL ACCRUING
RCFDK285,na_forgovt_itemized_k285,RC-N,stock,031+041,2011-03-31,2016-06-30,,ITEMIZE LOANS TO FOREIGN GOVERNMENTS AND OFFICIAL INSTITUTIONS: NONACCRUAL
RCFDK286,pd30_othln_itemized_k286,RC-N,stock,031+041,2011-03-31,2016-06-30,,ITEMIZE OTHER LOANS: PAST DUE 30 THROUGH 89 DAYS AND STILL ACCRUING
RCFDK287,pd90_othln_itemized_k287,RC-N,stock,031+041,2011-03-31,2016-06-30,,ITEMIZE OTHER LOANS: PAST DUE 90 DAYS OR MORE AND STILL ACCRUING
RCFDK288,na_othln_itemized,RC-N,stock,031+041,2011-03-31,2016-06-30,,ITEMIZE OTHER LOANS: NONACCRUAL
RCFDL183,pd30_pci_l183,RC-N,stock,all,2012-06-30,2023-12-31,,PURCHASED CREDIT-IMPAIRED LOANS ACCOUNTED FOR IN ACCORDANCE WITH FASB ASC 310-30 (FORMER AICPA STATEMENT OF POSITION 0
RCFDL184,pd90_pci_l184,RC-N,stock,all,2012-06-30,2023-12-31,,PURCHASED CREDIT-IMPAIRED LOANS ACCOUNTED FOR IN ACCORDANCE WITH FASB ASC 310-30 (FORMER AICPA STATEMENT OF POSITION 0
RCFDL185,pd30_pci_l185,RC-N,stock,all,2012-06-30,2023-12-31,,PURCHASED CREDIT-IMPAIRED LOANS ACCOUNTED FOR IN ACCORDANCE WITH FASB ASC 310-30 (FORMER AICPA STATEMENT OF POSITION 0
RCFDL186,pd30_pci_l186,RC-N,stock,all,2012-06-30,2023-12-31,,PURCHASED CREDIT-IMPAIRED LOANS ACCOUNTED FOR IN ACCORDANCE WITH FASB ASC 310-30 (FORMER AICPA STATEMENT OF POSITION 0
RCFDL187,pd90_pci_l187,RC-N,stock,all,2012-06-30,2023-12-31,,PURCHASED CREDIT-IMPAIRED LOANS ACCOUNTED FOR IN ACCORDANCE WITH FASB ASC 310-30 (FORMER AICPA STATEMENT OF POSITION 0
RCFDL188,na_pci,RC-N,stock,all,2012-06-30,2023-12-31,,PURCHASED CREDIT-IMPAIRED LOANS ACCOUNTED FOR IN ACCORDANCE WITH FASB ASC 310-30 (FORMER AICPA STATEMENT OF POSITION 0
RCFDPV23,pd30_nondep_fin,RC-N,stock,all,2024-12-31,,,LOANS TO NONDEPOSITORY FINANCIAL INSTITUTIONS INCLUDED IN SCHEDULE RC-N; ITEM 7 - PAST DUE 30 THROUGH 89 DAYS AND STIL
RCFDPV24,pd90_nondep_fin,RC-N,stock,all,2024-12-31,,,LOANS TO NONDEPOSITORY FINANCIAL INSTITUTIONS INCLUDED IN SCHEDULE RC-N; ITEM 7 - PAST DUE 90 DAYS OR MORE AND STILL A
RCFDPV25,na_nondep_fin,RC-N,stock,all,2024-12-31,,,LOANS TO NONDEPOSITORY FINANCIAL INSTITUTIONS INCLUDED IN SCHEDULE RC-N; ITEM 7 - NONACCRUAL
RCON1226,pd30_lease,RC-N,stock,all,2001-03-31,,,LEASE FINANCING RECEIVABLES - PAST DUE 30-89 DAYS AND STILL ACCRUING
RCON1227,pd90_lease,RC-N,stock,all,,,,LEASE FINANCING RECEIVABLES - PAST DUE 90 DAYS OR MORE AND STILL ACCRUING
RCON1228,na_lease,RC-N,stock,all,,,,LEASE FINANCING RECEIVABLES - NONACCRUAL
RCON1606,pd30_ci,RC-N,stock,all,2001-03-31,,,COMMERCIAL AND INDUSTRIAL LOANS - PAST DUE 30-89 DAYS AND STILL ACCRUING
RCON1607,pd90_ci,RC-N,stock,all,,,,COMMERCIAL AND INDUSTRIAL LOANS - PAST DUE 90 DAYS OR MORE AND STILL ACCRUING
RCON3493,pd30_farmland,RC-N,stock,all,2001-03-31,,,LOANS SECURED BY REAL ESTATE (IN DOMESTIC OFFICES): SECURED BY FARMLAND - PAST DUE 30 THROUGH 89 DAYS AND STILL ACCRUI
RCON3494,pd90_farmland,RC-N,stock,all,1991-03-31,,,LOANS SECURED BY REAL ESTATE (IN DOMESTIC OFFICES): SECURED BY FARMLAND - PAST DUE 90 DAYS OR MORE AND STILL ACCRUING
RCON3499,pd30_multifam,RC-N,stock,all,2001-03-31,,,LOANS SECURED BY REAL ESTATE (IN DOMESTIC OFFICES): SECURED BY MULTIFAMILY (5 OR MORE) RESIDENTIAL PROPERTIES - PAST D
RCON3500,pd90_multifam,RC-N,stock,all,1991-03-31,,,LOANS SECURED BY REAL ESTATE (IN DOMESTIC OFFICES): SECURED BY MULTIFAMILY (5 OR MORE) RESIDENTIAL PROPERTIES - PAST D
RCON5398,pd30_heloc,RC-N,stock,all,2001-03-31,,,LOANS SECURED BY 1-4 FAMILY RESIDENTIAL PROPERTIES: REVOLVING; OPEN-END LOANS SECURED BY 1-4 FAMILY RESIDENTIAL PROPER
RCON5399,pd90_heloc,RC-N,stock,all,1991-03-31,,,LOANS SECURED BY 1-4 FAMILY RESIDENTIAL PROPERTIES: REVOLVING; OPEN-END LOANS SECURED BY 1-4 FAMILY RESIDENTIAL PROPER
RCONB834,pd30_depinst,RC-N,stock,041+051,2001-03-31,,,LOANS TO DEPOSITORY INSTITUTIONS AND ACCEPTANCES OF OTHER BANKS - PAST DUE 30 THROUGH 89 DAYS AND STILL ACCRUING
RCONB835,pd90_depinst,RC-N,stock,041+051,2001-03-31,,,LOANS TO DEPOSITORY INSTITUTIONS AND ACCEPTANCES OF OTHER BANKS - PAST DUE 90 DAYS OR MORE AND STILL ACCRUING
RCONB836,na_depinst,RC-N,stock,041+051,2001-03-31,,,LOANS TO DEPOSITORY INSTITUTIONS AND ACCEPTANCES OF OTHER BANKS - NONACCRUAL
RCONC236,pd30_famres_first,RC-N,stock,all,2002-03-31,,,CLOSED-END LOANS SECURED BY 1-4 FAMILY RESIDENTIAL PROPERTIES:SECURED BY FIRST LIENS-PAST DUE 30 THRU 89 DAYS AND STIL
RCONC237,pd90_famres_first,RC-N,stock,all,2002-03-31,,,CLOSED-END LOANS SECURED BY 1-4 FAMILY RESIDENTIAL PROPERTIES:SECURED BY FIRST LIENS-PAST DUE 90 DAYS OR MORE AND STIL
RCONC238,pd30_famres_junior,RC-N,stock,all,2002-03-31,,,CLOSED-END LOANS SECURED BY 1-4 FAMILY RESIDENTIAL PROPERTIES:SECURED BY JUNIOR LIENS-PAST DUE 30 THRU 89 DAYS AND STI
RCONC239,pd90_famres_junior,RC-N,stock,all,2002-03-31,,,CLOSED-END LOANS SECURED BY 1-4 FAMILY RESIDENTIAL PROPERTIES:SECURED BY JUNIOR LIENS-PAST DUE 90 DAYS OR MORE AND STI
RCONF172,pd30_constr_res14,RC-N,stock,all,2007-03-31,,,1-4 FAMILY RESIDENTIAL CONSTRUCTION LOANS: PAST DUE 31 - 89 DAYS
RCONF173,pd30_constr_oth,RC-N,stock,all,2007-03-31,,,OTHER CONSTRUCTION LOANS AND ALL LAND DEVELOPMENT AND OTHER LAND LOANS;  PAST DUE 31 - 89 DAYS
RCONF174,pd90_constr_res14,RC-N,stock,all,2007-03-31,,,1-4 FAMILY RESIDENTIAL CONSTRUCTION LOANS; PAST DUE 90 OR MORE DAYS AND STILL ACCRUING.
RCONF175,pd90_constr_oth,RC-N,stock,all,2007-03-31,,,OTHER CONSTRUCTION LOANS AND ALL LAND DEVELOPMENT AND OTHER LAND LOANS; PAST DUE 90 OR MORE DAYS AND STILL ACCRUING.
RCONK045,pd30_constr_res14_lossshare,RC-N,stock,031+041,2011-03-31,2023-06-30,,LOANS AND LEASES COVERED BY LOSS SHARING AGREEMENTS WITH THE FDIC: LOANS SECURED BY RE-1-4 FAMILY RESIDENTIAL CONSTRUC
RCONK046,pd90_constr_res14_lossshare,RC-N,stock,031+041,2011-03-31,2023-06-30,,LOANS AND LEASES COVERED BY LOSS SHARING AGREEMENTS WITH THE FDIC: LOANS SECURED BY RE-1-4 FAMILY RESIDENTIAL CONSTRUC
RCONK047,na_constr_res14_lossshare,RC-N,stock,031+041,2011-03-31,2023-06-30,,LOANS AND LEASES COVERED BY LOSS SHARING AGREEMENTS WITH THE FDIC: LOANS SECURED BY RE-1-4 FAMILY RESIDENTIAL CONSTRUC
RCONK051,pd30_farmland_lossshare,RC-N,stock,031+041,2011-03-31,2023-06-30,,LOANS AND LEASES COVERED BY LOSS SHARING AGREEMENTS WITH THE FDIC: LOANS SECURED BY RE: SECURED BY FARMLAND -PAST DUE 
RCONK052,pd90_farmland_lossshare,RC-N,stock,031+041,2011-03-31,2023-06-30,,LOANS AND LEASES COVERED BY LOSS SHARING AGREEMENTS WITH THE FDIC: LOANS SECURED BY RE: SECURED BY FARMLAND -PAST DUE 
RCONK053,na_farmland_lossshare,RC-N,stock,031+041,2011-03-31,2023-06-30,,LOANS AND LEASES COVERED BY LOSS SHARING AGREEMENTS WITH THE FDIC: LOANS SECURED BY RE: SECURED BY FARMLAND -NONACCRUA
RCONK054,pd30_heloc_lossshare,RC-N,stock,031+041,2011-03-31,2023-06-30,,LOANS AND LEASES COVERED BY LOSS SHARING AGREEMENTS WITH THE FDIC: LOANS SECURED BY 1-4 FAMILY RESIDENTIAL PROPERTIES-
RCONK055,pd90_heloc_lossshare,RC-N,stock,031+041,2011-03-31,2023-06-30,,LOANS AND LEASES COVERED BY LOSS SHARING AGREEMENTS WITH THE FDIC: LOANS SECURED BY 1-4 FAMILY RESIDENTIAL PROPERTIES-
RCONK056,na_heloc_lossshare,RC-N,stock,031+041,2011-03-31,2023-06-30,,LOANS AND LEASES COVERED BY LOSS SHARING AGREEMENTS WITH THE FDIC: LOANS SECURED BY 1-4 FAMILY RESIDENTIAL PROPERTIES-
RCONK057,pd30_famres_first_lossshare,RC-N,stock,031+041,2011-03-31,2023-06-30,,LOANS AND LEASES COVERED BY LOSS SHARING AGREEMENTS WITH THE FDIC:  CLOSED-END LOANS SECURED BY 1-4 FAMILY RESIDENTIAL
RCONK058,pd90_famres_first_lossshare,RC-N,stock,031+041,2011-03-31,2023-06-30,,LOANS AND LEASES COVERED BY LOSS SHARING AGREEMENTS WITH THE FDIC: CLOSED-END LOANS SECURED BY 1-4 FAMILY RESIDENTIAL 
RCONK059,na_famres_first_lossshare,RC-N,stock,031+041,2011-03-31,2023-06-30,,LOANS AND LEASES COVERED BY LOSS SHARING AGREEMENTS WITH THE FDIC: CLOSED-END LOANS SECURED BY 1-4 FAMILY RESIDENTIAL 
RCONK060,pd30_famres_junior_lossshare,RC-N,stock,031+041,2011-03-31,2023-06-30,,LOANS AND LEASES COVERED BY LOSS SHARING AGREEMENTS WITH THE FDIC:  CLOSED END LOANS SECURED BY 1-4 FAMILY RESIDENTIAL
RCONK061,pd90_famres_junior_lossshare,RC-N,stock,031+041,2011-03-31,2023-06-30,,LOANS AND LEASES COVERED BY LOSS SHARING AGREEMENTS WITH THE FDIC: CLOSED END LOANS SECURED BY 1-4 FAMILY RESIDENTIAL 
RCONK062,na_famres_junior_lossshare,RC-N,stock,031+041,2011-03-31,2023-06-30,,LOANS AND LEASES COVERED BY LOSS SHARING AGREEMENTS WITH THE FDIC: CLOSED END LOANS SECURED BY 1-4 FAMILY RESIDENTIAL 
RCONK063,pd30_multifam_lossshare,RC-N,stock,031+041,2011-03-31,2023-06-30,,LOANS AND LEASES COVERED BY LOSS SHARING AGREEMENTS WITH THE FDIC: LOANS SECURED BY RE: SECURED BY MULTIFAMILY (5 OR M
RCONK064,pd90_multifam_lossshare,RC-N,stock,031+041,2011-03-31,2023-06-30,,LOANS AND LEASES COVERED BY LOSS SHARING AGREEMENTS WITH THE FDIC: LOANS SECURED BY RE: SECURED BY MULTIFAMILY (5 OR M
RCONK065,na_multifam_lossshare,RC-N,stock,031+041,2011-03-31,2023-06-30,,LOANS AND LEASES COVERED BY LOSS SHARING AGREEMENTS WITH THE FDIC: LOANS SECURED BY RE: SECURED BY MULTIFAMILY (5 OR M
RCONK066,pd30_nfnres_owner_lossshare,RC-N,stock,031+041,2011-03-31,2023-06-30,,LOANS AND LEASES COVERED BY LOSS SHARING AGREEMENTS WITH THE FDIC: LOANS SECURED BY RE: SECURED BY NONFARM NONRESIDENT
RCONK067,pd90_nfnres_owner_lossshare,RC-N,stock,031+041,2011-03-31,2023-06-30,,LOANS AND LEASES COVERED BY LOSS SHARING AGREEMENTS WITH THE FDIC: LOANS SECURED BY RE: SECURED BY NONFARM NONRESIDENT
RCONK068,na_nfnres_owner_lossshare,RC-N,stock,031+041,2011-03-31,2023-06-30,,LOANS AND LEASES COVERED BY LOSS SHARING AGREEMENTS WITH THE FDIC: LOANS SECURED BY RE: SECURED BY NONFARM NONRESIDENT
RCONK069,pd30_nfnres_oth_lossshare,RC-N,stock,031+041,2011-03-31,2023-06-30,,LOANS AND LEASES COVERED BY LOSS SHARING AGREEMENTS WITH THE FDIC: LOANS SECURED BY RE: SECURED BY NONFARM NONRESIDENT
RCONK070,pd90_nfnres_oth_lossshare,RC-N,stock,031+041,2011-03-31,2023-06-30,,LOANS AND LEASES COVERED BY LOSS SHARING AGREEMENTS WITH THE FDIC: LOANS SECURED BY RE: SECURED BY NONFARM NONRESIDENT
RCONK071,na_nfnres_oth_lossshare,RC-N,stock,031+041,2011-03-31,2023-06-30,,LOANS AND LEASES COVERED BY LOSS SHARING AGREEMENTS WITH THE FDIC: LOANS SECURED BY RE: SECURED BY NONFARM NONRESIDENT
RCONK105,pd30_constr_res14_modified,RC-N,stock,all,2011-03-31,,,LOAN MODIFICATIONS TO BORROWERS EXPERIENCING FINANCIAL DIFFICULTY 1-4 FAMILY RESIDENTIAL CONSTRUCTION LOANS :PAST DUE 
RCONK106,pd90_constr_res14_modified,RC-N,stock,all,2011-03-31,,,LOAN MODIFICATIONS TO BORROWERS EXPERIENCING FINANCIAL DIFFICULTY 1-4 FAMILY RESIDENTIAL CONSTRUCTION LOANS : PAST DUE
RCONK107,na_constr_res14_modified,RC-N,stock,all,2011-03-31,,,LOAN MODIFICATIONS TO BORROWERS EXPERIENCING FINANCIAL DIFFICULTY 1-4 FAMILY RESIDENTIAL CONSTRUCTION LOANS -NONACCRUA
RCONK108,pd30_constr_oth_modified,RC-N,stock,all,2011-03-31,,,LOAN MODIFICATIONS TO BORROWERS EXPERIENCING FINANCIAL DIFFICULTY OTHER CONSTRUCTION LOANS AND ALL LAND DEVELOPMENT AN
RCONK109,pd90_constr_oth_modified,RC-N,stock,all,2011-03-31,,,LOAN MODIFICATIONS TO BORROWERS EXPERIENCING FINANCIAL DIFFICULTY OTHER CONSTRUCTION LOANS AND ALL LAND DEVELOPMENT AN
RCONK110,na_constr_oth_modified,RC-N,stock,all,2011-03-31,,,LOAN MODIFICATIONS TO BORROWERS EXPERIENCING FINANCIAL DIFFICULTY OTHER CONSTRUCTION LOANS AND ALL LAND DEVELOPMENT AN
RCONK111,pd30_multifam_modified,RC-N,stock,all,2011-03-31,,,LOAN MODIFICATIONS TO BORROWERS EXPERIENCING FINANCIAL DIFFICULTY SECURED BY MULTIFAMILY RESIDENTIAL PROPERTIES IN DOM
RCONK112,pd90_multifam_modified,RC-N,stock,all,2011-03-31,,,LOAN MODIFICATIONS TO BORROWERS EXPERIENCING FINANCIAL DIFFICULTY SECURED BY MULTIFAMILY RESIDENTIAL PROPERTIES IN DOM
RCONK113,na_multifam_modified,RC-N,stock,all,2011-03-31,,,LOAN MODIFICATIONS TO BORROWERS EXPERIENCING FINANCIAL DIFFICULTY SECURED BY MULTIFAMILY RESIDENTIAL PROPERTIES IN DOM
RCONK114,pd30_nfnres_owner_modified,RC-N,stock,all,2011-03-31,,,LOAN MODIFICATIONS TO BORROWERS EXPERIENCING FINANCIAL DIFFICULTY LOANS SECURED BY OWNER OCCUPIED NONFARM NONRESIDENTI
RCONK115,pd90_nfnres_owner_modified,RC-N,stock,all,2011-03-31,,,LOAN MODIFICATIONS TO BORROWERS EXPERIENCING FINANCIAL DIFFICULTY LOANS SECURED BY OWNER OCCUPIED NONFARM NONRESIDENTI
RCONK116,na_nfnres_owner_modified_k116,RC-N,stock,all,2011-03-31,,,LOAN MODIFICATIONS TO BORROWERS EXPERIENCING FINANCIAL DIFFICULTY LOANS SECURED BY OWNER OCCUPIED NONFARM NONRESIDENTI
RCONK117,na_nfnres_owner_modified_k117,RC-N,stock,all,2011-03-31,,,LOAN MODIFICATIONS TO BORROWERS EXPERIENCING FINANCIAL DIFFICULTY LOANS SECURED BY OWNER OCCUPIED NONFARM NONRESIDENTI
RCONK118,pd90_nfnres_oth_modified,RC-N,stock,all,2011-03-31,,,LOAN MODIFICATIONS TO BORROWERS EXPERIENCING FINANCIAL DIFFICULTY LOANS SECURED BY OTHER NONFARM NONRESIDENTIAL PROPER
RCONK119,na_nfnres_oth_modified,RC-N,stock,all,2011-03-31,,,LOAN MODIFICATIONS TO BORROWERS EXPERIENCING FINANCIAL DIFFICULTY  -LOANS SECURED BY OTHER NONFARM NONRESIDENTIAL PROP
RCONK130,pd30_farmland_modified,RC-N,stock,all,2011-03-31,,,ITEMIZE LOAN MODIFICATIONS TO BORROWERS EXPERIENCING FINANCIAL DIFFICULTY SECURED BY FARMLAND IN DOMESTIC OFFICES INCL
RCONK131,pd90_farmland_modified,RC-N,stock,all,2011-03-31,,,ITEMIZE LOAN MODIFICATIONS TO BORROWERS EXPERIENCING FINANCIAL DIFFICULTY SECURED BY FARMLAND IN DOMESTIC OFFICES INCL
RCONK132,na_farmland_modified,RC-N,stock,all,2011-03-31,,,ITEMIZE LOAN MODIFICATIONS TO BORROWERS EXPERIENCING FINANCIAL DIFFICULTY SECURED BY FARMLAND IN DOMESTIC OFFICES INCL
RCONK257,pd30_ci_modified,RC-N,stock,041+051,2011-03-31,,,LOAN MODIFICATIONS TO BORROWERS EXPERIENCING FINANCIAL DIFFICULTY: COMMERCIAL AND INDUSTRIAL LOANS - PAST DUE 30 THROU
RCONK258,pd90_ci_modified,RC-N,stock,041+051,2011-03-31,,,LOAN MODIFICATIONS TO BORROWERS EXPERIENCING FINANCIAL DIFFICULTY: COMMERCIAL AND INDUSTRIAL LOANS - PAST DUE 90 DAYS 
RCONK259,na_ci_modified,RC-N,stock,041+051,2011-03-31,,,LOAN MODIFICATIONS TO BORROWERS EXPERIENCING FINANCIAL DIFFICULTY: COMMERCIAL AND INDUSTRIAL LOANS - NONACCRUAL

[DERIVED_VARIABLES]
variable_name,schedule,flow_type,description,formula,unit,sign
npl_tot,CROSS,stock,Nonperforming loans on the standard definition: past due 90+ days and still accruing; plus nonaccrual,pd90_tot + pdl_tot_non,thousands_usd,
pastdue_tot,CROSS,stock,All past due and nonaccrual loans and leases,pd30_tot + pd90_tot + pdl_tot_non,thousands_usd,
